"lon","lat","cond","cond2","mmi"
-86.8881569446,33.2234153863,"Poor",1,29.58
-86.7756235789,33.4249179982,"Poor",1,22.75
-87.0838133469,31.6766356078,"Poor",1,34.25
-86.3236283676,33.8727306375,"Good",3,49.65
-86.3618639019,32.9938691275,"Poor",1,24.4
-87.7379619301,34.0918046803,"Poor",1,25.68
-85.7596263615,33.7787396068,"Fair",2,39.48
-87.1454714299,33.3581166777,"Fair",2,35.5
-85.6111694073,34.7158619165,"Poor",1,27.72
-87.0420279967,34.950921774,"Poor",1,13.65
-85.5035713713,33.2601498251,"Good",3,47.65
-85.720314953,32.4859421767,"Good",3,80.53
-87.0817517199,31.0868632678,"Good",3,76.57
-87.7620873765,34.6950583546,"Fair",2,35.87
-86.3624686857,32.9323161068,"Poor",1,28.28
-87.5326477057,32.913830141,"Poor",1,22.4
-86.7518994289,33.4128126746,"Good",3,54.8
-85.6088131194,31.3438086142,"Good",3,69.98
-88.0521331098,31.6873965212,"Fair",2,46.08
-87.0100826315,32.1590456075,"Good",3,63.62
-86.7411054328,34.0037812827,"Fair",2,30.82
-84.9669874624,32.433288853,"Poor",1,32.78
-87.9034605265,31.1989281552,"Poor",1,40.6
-87.5283180524,32.1242205681,"Poor",1,22.25
-87.0622965175,34.9086292212,"Poor",1,3.7
-85.4938387699,33.6240050263,"Fair",2,43.68
-85.7660150744,31.8680651323,"Poor",1,37.4
-87.0298599907,33.1583489239,"Good",3,59.12
-88.0503670334,34.5073437534,"Good",3,69.08
-86.1307302106,33.7921442191,"Poor",1,3.83
-88.4009558661,31.3001468611,"Poor",1,20.48
-87.5037758242,33.2431203595,"Poor",1,18.35
-87.80278113,33.8511661975,"Fair",2,45.82
-85.3249710542,32.9854620224,"Poor",1,24.15
-87.1982608034,32.9703677702,"Good",3,55.37
-86.9063677566,32.1855382732,"Fair",2,52.37
-90.4500669033,36.1103863091,"Fair",2,48.4
-91.8122988423,35.0086808189,"Poor",1,11.67
-92.8358351813,36.244689812,"Good",3,54.05
-94.1886220724,34.5065574531,"Fair",2,35.38
-91.2701895746,36.2182961347,"Good",3,64.78
-93.6035093693,34.9860929455,"Good",3,68.12
-92.3803390179,34.4272449709,"Poor",1,29.28
-93.4905116679,33.8813210605,"Poor",1,33.9
-89.8793286303,35.6259809245,"Poor",1,31.63
-91.1054194689,34.3527039424,"Poor",1,15.12
-92.2074763101,33.6451774034,"Poor",1,15.03
-90.6458847917,34.6950009294,"Poor",1,20.18
-93.7440894876,35.6781747934,"Good",3,61.87
-92.0226124733,33.556304426,"Poor",1,31.48
-93.360684914,34.9288777438,"Poor",1,0
-93.4422595552,34.0648809096,"Good",3,57.12
-90.7700306555,34.801419802,"Poor",1,17.92
-93.8600077373,33.6170337305,"Fair",2,44.87
-91.9077675237,36.2384951311,"Poor",1,29.82
-90.44201227,35.5326437088,"Poor",1,22.12
-91.3223004824,35.3466555956,"Poor",1,6.25
-91.1668175575,34.4341925301,"Poor",1,20.33
-92.8675944845,34.3551722217,"Poor",1,40.25
-92.395854891,35.3156506097,"Good",3,64.57
-94.1445391545,35.4276630188,"Poor",1,15.8
-93.1659806993,35.7686294133,"Poor",1,28.42
-94.3841128624,33.564254781,"Poor",1,35.72
-91.0878052749,36.1044868577,"Poor",1,37.77
-92.5906944465,36.3595761801,"Poor",1,0
-90.744208672,34.7740229751,"Poor",1,28.57
-91.4438666962,35.0588228085,"Poor",1,35.55
-93.422735301,35.094898206,"Poor",1,15.37
-93.8287447806,33.0455374746,"Fair",2,43.45
-90.7257149253,36.2844285073,"Poor",1,37.68
-92.1111697221,36.0632669996,"Poor",1,5.68
-94.3381947174,35.403915827,"Poor",1,10.1
-90.9879448279,34.0173346669,"Fair",2,46.72
-91.9669907603,36.1148864859,"Poor",1,30.38
-91.6168691441,35.5127034574,"Poor",1,13.25
-92.6790087607,33.2691479949,"Poor",1,0
-93.1463487696,36.4286116622,"Fair",2,42.45
-90.4575967147,34.7342162376,"Poor",1,14.68
-93.5261696218,35.6854853478,"Fair",2,43.47
-93.5081361891,33.8730461342,"Fair",2,41.93
-91.1547405856,33.713979063,"Poor",1,22.8
-92.5305145643,33.2092421999,"Fair",2,52.75
-92.6360474308,33.8992529079,"Poor",1,33.28
-92.8827383095,35.7149539772,"Good",3,65.7
-92.1992513899,35.2759561279,"Poor",1,11.45
-93.7973910191,34.7013002924,"Poor",1,26.4
-92.6639625057,34.6759509968,"Fair",2,32.38
-94.0032957176,33.2440058356,"Poor",1,29.52
-90.2342609182,35.2758404106,"Poor",1,19.88
-94.1883048577,35.069771259,"Poor",1,17.83
-91.3863698128,35.8850423796,"Poor",1,16.98
-91.3069501814,33.5924362499,"Poor",1,32.87
-93.202826833,34.3770681697,"Fair",2,33.25
-90.6133969853,36.3850292083,"Poor",1,3.75
-93.4237535741,34.066580582,"Fair",2,34.28
-92.9531519964,34.9220272174,"Poor",1,10.32
-93.7566946073,34.3115729214,"Fair",2,36.35
-91.6435015777,34.0993565158,"Poor",1,19.57
-92.370618058,36.397926563,"Poor",1,26.98
-90.6668177884,36.0793967582,"Poor",1,30.27
-94.1120330601,36.4278171699,"Poor",1,6.75
-92.1146143835,35.4469753571,"Poor",1,0
-94.1061137784,34.9995564561,"Poor",1,11.25
-94.2174430111,34.2565777527,"Poor",1,12.17
-91.1684852408,33.3205345224,"Poor",1,35.75
-94.0915490406,35.389509457,"Poor",1,3.68
-93.0944200311,35.2610228543,"Poor",1,11.43
-90.272600378,34.9611709796,"Poor",1,23.13
-93.4637046045,35.356313535,"Poor",1,14.55
-94.301551654,35.410040226,"Poor",1,5.75
-92.5207959288,33.1663556672,"Poor",1,24.37
-91.5470049295,35.8355468626,"Poor",1,16.67
-111.036743715,34.1925999441,"Fair",2,38.13
-113.218831098,34.3525910727,"Fair",2,45.48
-109.356450686,33.9124499093,"Poor",1,26.93
-109.434030838,33.7599413843,"Poor",1,34.35
-112.083704062,36.1178128015,"Fair",2,55.25
-109.198132125,32.8710070307,"Poor",1,21.6
-111.870611311,36.0876646106,"Poor",1,20.2
-111.864092584,36.4334622313,"Poor",1,23.13
-111.160629541,32.4088212237,"Poor",1,2.67
-109.494702955,33.2939508506,"Good",3,69.4
-110.074570891,34.5731015775,"Fair",2,46.73
-111.840670735,34.5313518445,"Good",3,51.82
-113.25407424,36.0891935102,"Poor",1,19.08
-112.067097185,34.2397540506,"Poor",1,10.63
-112.494615034,36.3010087757,"Poor",1,28.58
-112.324784095,34.8868360854,"Poor",1,19.38
-113.953447159,36.8608760044,"Poor",1,26.53
-111.828958674,36.1151486052,"Poor",1,8.33
-114.605302179,33.4763421243,"Poor",1,29.45
-111.997660327,36.0559301169,"Poor",1,9.52
-114.672328948,33.251303555,"Poor",1,28.08
-109.299405017,33.1054438322,"Good",3,81.05
-111.862892311,36.3193568888,"Poor",1,14.15
-110.91103343,33.6177200045,"Good",3,80.3
-114.320407604,32.7113681812,"Poor",1,6.35
-111.616944109,36.8469470909,"Poor",1,6.17
-113.31689753,36.0984444582,"Poor",1,13.02
-111.305821741,33.8736257024,"Good",3,63.53
-109.097495611,32.7196708495,"Poor",1,24.9
-112.556161015,36.4003065256,"Poor",1,21.9
-109.794078579,32.8933243305,"Fair",2,56.03
-109.299703385,33.0209818145,"Good",3,74.18
-109.462485505,33.0880874711,"Fair",2,47.85
-109.084092356,33.6758800112,"Fair",2,46.33
-111.046043279,31.5623542877,"Poor",1,5.88
-110.012123092,34.375984075,"Poor",1,13.03
-116.549748787,33.760551103,"Good",3,63.9
-122.788200563,38.5040808144,"Poor",1,33.68
-121.447195352,38.675423055,"Poor",1,29.45
-122.637233018,39.4420018861,"Good",3,84.72
-119.92925401,38.7320763382,"Fair",2,45.08
-120.054009058,34.7476835215,"Good",3,73.9
-123.374075492,40.6271139737,"Good",3,54.02
-119.536861407,37.6817086617,"Good",3,55.47
-122.764263958,42.0028565177,"Good",3,79.62
-119.343923189,38.3108173419,"Good",3,70.72
-119.249705372,34.5573287642,"Fair",2,43.77
-124.085849488,41.0903570235,"Good",3,71.47
-116.588742169,32.8996194696,"Poor",1,26.58
-121.674898365,37.3287798141,"Good",3,71.95
-119.231414645,36.9637051376,"Fair",2,46.5
-123.527959745,41.3185285221,"Poor",1,22.9
-119.019880775,34.356713227,"Fair",2,44.75
-123.011192386,38.8162717099,"Fair",2,52.6
-121.635207053,38.8083623761,"Poor",1,36.35
-122.930016275,40.802472332,"Good",3,58.8
-118.557053718,34.4249399595,"Poor",1,24.87
-123.526732128,41.539260575,"Poor",1,34.67
-120.604585892,41.489630549,"Poor",1,12
-120.964449707,39.466737201,"Good",3,67.82
-121.997419677,40.2190040809,"Good",3,57.03
-123.935564839,41.4563960639,"Poor",1,25.83
-121.268225481,40.0019052264,"Fair",2,42.13
-121.128761265,37.596376061,"Poor",1,18.2
-123.771013004,40.3184389532,"Poor",1,30.92
-121.35774516,38.5723422143,"Good",3,59.28
-122.899734757,41.843310693,"Good",3,53.1
-121.046559724,39.9052137555,"Good",3,60.9
-119.331650795,38.2711292561,"Good",3,76.47
-124.11739266,40.7240029407,"Poor",1,34.17
-123.050514588,41.3183572402,"Good",3,62.05
-122.661632178,41.9544406917,"Good",3,69.93
-120.99716065,39.5986288489,"Good",3,58.2
-118.754791251,37.5638806372,"Good",3,71.78
-122.534447211,38.0690664948,"Poor",1,35.57
-124.088450161,41.6484625314,"Good",3,68.82
-121.562501784,40.0770442444,"Good",3,77.63
-122.90606754,38.8302773091,"Good",3,58.53
-123.793817041,40.1065095357,"Good",3,51.1
-120.96950119,39.2998873995,"Good",3,75.82
-108.593279056,37.3658835385,"Fair",2,51.63
-108.674724606,39.7308760879,"Good",3,72.33
-105.168442087,39.9519955654,"Fair",2,25.03
-107.711018473,39.6430304028,"Fair",2,47.25
-103.683483569,38.8867332068,"Poor",1,19.97
-104.972838848,39.3442800021,"Good",3,48.63
-104.958048823,39.241380898,"Poor",1,21.67
-103.37749334,37.7972004902,"Good",3,48.53
-105.056538326,39.89246561,"Poor",1,19.97
-105.200542134,40.1917151793,"Good",3,75.1
-107.019606938,40.9714671199,"Good",3,51.8
-104.867214874,39.3889597441,"Good",3,42.83
-102.336377714,38.0650592532,"Poor",1,9.98
-108.777957421,39.988123832,"Poor",1,36.68
-107.518958178,38.5532085573,"Poor",1,33.98
-108.398139022,38.8653133265,"Poor",1,39.72
-106.452434438,39.3693644798,"Poor",1,33.67
-103.605970126,37.6046199223,"Poor",1,17.27
-106.838169408,37.7140686817,"Good",3,69.57
-105.118426669,40.1597030658,"Good",3,70.58
-102.34141529,40.9413152221,"Fair",2,33.33
-105.731046422,37.1760795085,"Good",3,67.63
-108.908220977,40.4779687404,"Good",3,61.05
-106.006397878,39.0765975367,"Good",3,60.15
-107.067151472,39.6551277853,"Fair",2,44.98
-104.882144599,39.9122593328,"Fair",2,21.57
-105.766398155,37.3591003087,"Poor",1,40.18
-107.678268539,39.9509454004,"Fair",2,45.97
-108.454430566,40.4536582118,"Poor",1,33.33
-105.169615074,39.4035390118,"Fair",2,48.45
-107.400013269,38.9328621452,"Poor",1,35.18
-105.413722942,40.6776347598,"Fair",2,44.28
-103.368750165,37.817352403,"Good",3,37.97
-106.549760425,39.9576386959,"Poor",1,18.78
-108.284702613,40.5219061149,"Good",3,60.43
-103.908507912,37.3416181438,"Good",3,50.55
-105.982903972,37.0613509608,"Good",3,62.93
-102.113653938,39.6386557267,"Poor",1,18.88
-108.235253454,37.7226241456,"Good",3,68.58
-108.653763418,39.8055112561,"Poor",1,22.52
-105.131743394,39.5492308675,"Poor",1,7.3
-106.489527118,38.1857734171,"Poor",1,16.72
-106.464926878,38.6045541837,"Good",3,65.32
-105.380150937,40.898383154,"Good",3,67.12
-104.83863084,37.5870021242,"Good",3,56.9
-105.08476002,38.0673659614,"Poor",1,28.57
-102.561443278,37.4158069346,"Poor",1,16.67
-106.488224732,40.356195135,"Poor",1,16.62
-106.003232574,39.8105013403,"Good",3,56.4
-105.978008522,40.6235224694,"Poor",1,19.97
-72.3031245654,41.9508965405,"Good",3,65.27
-72.6621015585,41.8912292352,"Poor",1,35.62
-71.8958806127,41.7827042572,"Good",3,78.43
-72.5512578697,41.5405881006,"Poor",1,13.82
-72.7488350249,41.6341472498,"Poor",1,23.4
-72.6180267963,41.7102284019,"Poor",1,10.53
-73.4777940499,41.6414045298,"Good",3,65.57
-72.6319958981,41.8444769151,"Poor",1,6.35
-72.0886626132,41.6237434887,"Good",3,71.83
-72.9637326094,41.8709189016,"Good",3,77.05
-73.4153538587,41.574928625,"Poor",1,17.85
-72.6085819743,41.952095489,"Good",3,70.52
-71.9535992285,41.6757164251,"Good",3,57.55
-72.5187906367,41.4949838754,"Poor",1,6.15
-71.8012816091,41.4154814631,"Fair",2,52.3
-72.6487582987,41.7261643851,"Poor",1,5.55
-73.4970175149,41.8804636787,"Good",3,64.23
-72.6470152378,41.8623313695,"Poor",1,32.03
-75.6754941624,39.3588435042,"Fair",2,53.9
-75.5231013033,38.5426015075,"Poor",1,34.62
-75.6333858874,39.7001270921,"Poor",1,12.3
-75.6462773133,38.8296923563,"Poor",1,27.1
-75.577093457,39.8342987397,"Poor",1,6.93
-75.6309216388,38.6181661427,"Poor",1,12.85
-75.2427747345,38.4611033732,"Poor",1,8.95
-75.748526917,39.2076440158,"Good",3,56.4
-75.5980035762,39.7302914977,"Poor",1,28.82
-75.5603085849,38.6681395635,"Fair",2,44.77
-75.4304031114,38.8224136121,"Poor",1,11.77
-75.6940400601,39.7027900605,"Fair",2,36.57
-75.4654051682,39.8061351087,"Poor",1,29.38
-75.6154183596,39.2004845943,"Poor",1,25.95
-75.4560735573,38.7588391528,"Poor",1,37.9
-75.4493820537,38.6104740617,"Poor",1,28.4
-75.6475890048,38.9019264306,"Poor",1,31.33
-75.5306678745,38.8599588865,"Poor",1,21.53
-75.7153891412,39.0833804171,"Poor",1,37.78
-75.4579450372,38.7962946346,"Poor",1,13.27
-75.6545807808,39.3025934977,"Fair",2,42.87
-87.297792873,30.5188462374,"Poor",1,18.18
-81.1311661016,27.4150190629,"Poor",1,15.05
-82.7064763144,30.4958418753,"Fair",2,52.8
-82.937979076,29.7043320794,"Poor",1,15.35
-86.4666705179,30.8454711536,"Poor",1,38.62
-82.2607327288,28.8881722758,"Poor",1,29.7
-87.2664995381,30.6701509992,"Poor",1,33.25
-85.825749468,30.7271833772,"Good",3,60
-85.2938406724,30.2949162873,"Poor",1,10.63
-83.6081853797,30.1884067706,"Poor",1,14.58
-81.3841609702,27.0589588089,"Poor",1,37.03
-85.8501874661,30.9349433879,"Poor",1,40.03
-83.1188381121,30.1048764085,"Fair",2,43.02
-85.8937980774,30.585512622,"Poor",1,38.23
-82.1401049492,28.413902789,"Poor",1,19.9
-87.2758181251,30.9289895919,"Fair",2,46.08
-85.6942483784,30.6410200949,"Poor",1,12.75
-81.308974711,29.7776235494,"Poor",1,37.87
-85.2541542349,30.7528533424,"Poor",1,15.93
-81.7917888633,27.6426778905,"Poor",1,26.48
-81.9653649525,29.5773330733,"Poor",1,25.93
-82.1787076676,28.19151421,"Poor",1,0
-87.2297728639,30.9486886274,"Poor",1,16.67
-82.2433572366,29.9763269389,"Poor",1,0
-86.9935891649,30.9698187485,"Poor",1,16.67
-84.6860863227,34.2460523848,"Fair",2,33.55
-83.5461712109,33.1496970003,"Poor",1,13.32
-84.0911190365,34.5267476835,"Fair",2,35.43
-84.0575205451,32.3096680632,"Good",3,70.02
-81.8250870979,33.0539237847,"Poor",1,35.97
-83.0166470869,30.8159146026,"Fair",2,47.12
-83.3811161392,32.1430426657,"Good",3,59.82
-84.5363484713,34.0695465597,"Poor",1,20.38
-83.2954604911,32.0082543033,"Good",3,64.72
-85.0789075565,31.1589878521,"Fair",2,50.1
-84.1254038837,30.8177999104,"Poor",1,36.07
-85.0504640841,33.9267327398,"Poor",1,0
-83.611362505,32.6937623777,"Good",3,68.92
-81.6101897857,32.5138409984,"Good",3,59.87
-83.8237956665,33.1734555597,"Poor",1,21.55
-82.1841358102,32.158515482,"Fair",2,41.95
-84.5584695568,30.9619999625,"Poor",1,32.4
-82.9229217187,32.8011599561,"Fair",2,48.15
-84.1730664984,33.3135750564,"Poor",1,15.1
-82.366244895,31.6784261946,"Poor",1,24.28
-84.4705137463,34.3031474266,"Good",3,68.43
-83.6476367533,34.488738879,"Good",3,56.33
-82.9052755667,34.4289776831,"Poor",1,27.03
-85.0870552863,34.3667916724,"Fair",2,42.22
-81.551455174,32.1608193188,"Poor",1,32.57
-84.3122004164,33.9114143196,"Fair",2,33.33
-84.8733203506,32.9783931681,"Poor",1,19
-83.6611441889,34.7038978318,"Good",3,46.73
-85.0802753613,34.9085683344,"Fair",2,31.07
-85.2696654263,34.1951298441,"Poor",1,10.02
-82.9321508197,34.246323212,"Poor",1,6.6
-84.6687131277,34.494386259,"Poor",1,11.93
-91.6729362517,42.9797870522,"Poor",1,21.35
-95.9195374993,42.0693397279,"Fair",2,31.77
-95.2048454735,40.828804587,"Poor",1,9.85
-95.0784810549,42.9935656994,"Fair",2,34.15
-91.5461855103,41.5511806123,"Good",3,51.67
-91.9231105079,42.7025234048,"Fair",2,36.62
-92.3558993039,42.7679300357,"Fair",2,37.98
-92.194340107,42.3151560743,"Fair",2,28.78
-95.3121770316,40.6734665215,"Poor",1,15.43
-91.6084252562,43.1385229433,"Poor",1,19.62
-92.7423882126,42.2185151267,"Poor",1,9.2
-94.986086412,42.410568281,"Fair",2,35.55
-94.9103040437,40.8713375902,"Good",3,51.9
-90.9402897666,42.5608047619,"Fair",2,31.83
-96.601567642,42.791853093,"Good",3,43.53
-91.6652808329,41.0044554616,"Fair",2,31.48
-90.3323062477,42.2020003808,"Fair",2,26.15
-95.5977040048,40.8737329061,"Poor",1,10.8
-94.8671593149,43.4510629888,"Good",3,57.25
-94.8979401674,41.3795937801,"Poor",1,5.08
-94.0261349012,41.850460391,"Good",3,43.7
-92.3247408601,42.2473075351,"Fair",2,39.17
-95.8734801623,42.4043895422,"Fair",2,27.28
-91.1764526157,43.1097548122,"Fair",2,27.07
-96.2130322359,43.2684419627,"Good",3,74.5
-93.868429163,43.359149649,"Poor",1,20.58
-91.0480926215,40.8746955294,"Fair",2,36.9
-90.3564969939,42.1306791387,"Good",3,61.58
-95.1930939995,42.9028115327,"Fair",2,38.23
-91.3922330679,42.1941947203,"Poor",1,1.05
-91.5305416116,42.8045582709,"Good",3,47.03
-94.3974392065,41.5875569959,"Poor",1,21.2
-92.9018200775,41.4855492061,"Good",3,43.07
-91.7906853751,43.0469676822,"Fair",2,35.4
-95.9093053321,41.4675954686,"Poor",1,16.98
-93.864506615,41.2182304469,"Fair",2,28.92
-92.5282867021,41.3175405512,"Good",3,67.75
-94.0575270578,42.9135110046,"Poor",1,2.08
-91.9359530037,40.7358450297,"Good",3,49.2
-91.2899482063,42.6175215567,"Fair",2,28.13
-93.968330108,40.6879017329,"Good",3,52.78
-91.079039248,42.0026171863,"Good",3,53.48
-92.1901232488,43.4976168792,"Good",3,47.88
-95.2244028303,41.3785295301,"Poor",1,17.83
-91.6708476415,41.6074237405,"Fair",2,39.23
-96.0196615204,42.4458441557,"Poor",1,18.53
-116.03904424,46.8603150334,"Good",3,71.73
-116.094757484,45.0792057492,"Fair",2,44.32
-112.32707796,42.9097950627,"Poor",1,33.47
-115.219723816,42.007296619,"Good",3,77.47
-114.446166508,45.0232484912,"Good",3,57.27
-114.420331204,42.047463799,"Fair",2,53.08
-115.949949327,45.3314834845,"Good",3,66.27
-113.629209903,42.5756574965,"Poor",1,11.92
-115.959948242,46.1348843786,"Good",3,84.28
-115.490774994,42.5253150006,"Good",3,65.1
-114.289905586,45.3694840586,"Good",3,50.47
-116.915278128,47.6964476517,"Poor",1,0
-116.18915431,43.9634706658,"Fair",2,44.18
-114.785159931,44.8391516392,"Good",3,54.33
-115.547507113,46.6652296479,"Fair",2,38.58
-114.221962908,42.1790400911,"Fair",2,53.77
-115.533286176,45.3852755503,"Fair",2,49.02
-116.046078768,44.396068963,"Poor",1,18.57
-114.662705434,42.661485888,"Poor",1,12.82
-113.800819571,45.1332289096,"Poor",1,35.05
-111.912569495,42.4612110371,"Good",3,57.58
-115.573339331,43.6029256067,"Good",3,63.42
-114.234976244,44.4242713934,"Good",3,68.58
-116.247145208,45.411893962,"Good",3,54.93
-116.074366905,42.7527137964,"Good",3,63.32
-115.576384478,45.161911613,"Good",3,55.33
-114.844275777,42.7385011017,"Poor",1,29.58
-114.160445108,45.396501673,"Good",3,55
-113.816676759,44.8440373207,"Fair",2,38.78
-114.115563517,43.3127280716,"Poor",1,37.33
-115.54673758,44.2098648145,"Good",3,54.25
-116.749867069,48.795704044,"Good",3,64.85
-115.844542512,45.843544217,"Fair",2,48.53
-114.57307814,45.0238510408,"Good",3,74.13
-89.3978039592,38.8531967741,"Poor",1,21.92
-90.5253385406,39.67544736,"Poor",1,22.3
-89.9376182006,40.5785505327,"Fair",2,38.7
-91.3189049392,40.3746436337,"Fair",2,34.65
-89.1878625265,37.5254810423,"Poor",1,14.58
-88.6676190465,39.7385225717,"Good",3,53.2
-87.6681463481,41.0238956692,"Poor",1,4.45
-90.5929194362,39.2086465811,"Fair",2,26.22
-89.1314048469,39.4104594401,"Poor",1,22.58
-89.8484766316,41.48585196,"Good",3,62.1
-89.2634222354,37.0001080998,"Poor",1,38.12
-91.3670358544,40.4766888284,"Fair",2,31.95
-90.1389070068,40.7850588437,"Good",3,74.55
-87.9141834644,41.1519623501,"Good",3,75.15
-89.4336029231,39.548325149,"Fair",2,39.83
-89.0205572113,39.2162188854,"Good",3,44.4
-89.4821498961,41.9000168834,"Good",3,58.65
-88.0527210689,39.3478117754,"Poor",1,20.32
-89.1918279695,37.8524196473,"Good",3,43.85
-90.6592776051,39.0537523656,"Poor",1,8.75
-88.1889093681,42.2164522483,"Fair",2,27.12
-89.3357447219,37.8502715849,"Good",3,44.17
-90.3072699311,40.0632176619,"Good",3,57.6
-89.3542425324,38.5167375533,"Good",3,41.23
-90.3061573838,41.5164736453,"Good",3,62.43
-89.4074564389,40.372597415,"Poor",1,14.15
-90.4170624202,42.3105096368,"Fair",2,29.85
-89.6755051109,40.1537716174,"Good",3,51.52
-89.2656052843,42.4948839539,"Good",3,46.22
-88.370062935,37.7967347103,"Poor",1,9.1
-90.8737016857,39.5901279492,"Fair",2,29.12
-88.6775416979,38.0088037966,"Poor",1,0.95
-87.9926534193,41.7284417666,"Poor",1,13.63
-90.8896625585,39.8355316523,"Poor",1,4.87
-86.4440955505,40.443006293,"Good",3,46.7
-86.0084240955,39.4148876875,"Good",3,56.92
-84.8443065069,40.0758070927,"Fair",2,33.4
-85.8010699257,41.0937836465,"Poor",1,19.8
-84.9883869909,40.7609277697,"Poor",1,9.13
-87.121651248,39.4339365748,"Poor",1,9.6
-86.5232591116,38.8349124496,"Fair",2,34.18
-85.917401075,41.6946525003,"Good",3,43.05
-85.6081796152,40.8674648135,"Good",3,67.47
-85.3494047558,39.18727431,"Poor",1,6.87
-86.0758565009,41.6752658302,"Good",3,37.78
-87.3004482535,40.3173902065,"Good",3,60.68
-86.711527603,40.9064087412,"Good",3,66.07
-86.6183160396,38.350947692,"Poor",1,26.57
-86.5853878056,41.1572236688,"Good",3,58.22
-87.1775711162,38.7112290246,"Poor",1,12.77
-86.447082558,39.7782354754,"Good",3,53.18
-87.3895937161,41.172535572,"Good",3,63.38
-85.7203712162,41.0492099489,"Good",3,41.5
-84.9254874764,40.5449451768,"Good",3,40.85
-85.9420003843,41.6673701318,"Good",3,43.68
-86.8998844304,40.0111190577,"Poor",1,9.98
-84.9596326704,39.6101024032,"Fair",2,32.37
-86.1111626095,41.6025831403,"Poor",1,22.47
-87.4721462209,39.9689275721,"Good",3,53.27
-86.8506069664,40.7121271791,"Good",3,40.4
-86.5170071057,41.1726017812,"Good",3,47.55
-85.2035305771,40.1371720824,"Good",3,52.65
-98.0104646338,39.0149080518,"Good",3,39.6
-98.9262796108,37.3952849041,"Good",3,50.93
-95.4276836541,38.1989265534,"Poor",1,17.3
-98.3653406497,37.4770197639,"Poor",1,15.68
-95.0272409999,39.8720392978,"Good",3,47.38
-97.4627876821,37.8236040497,"Good",3,54.38
-98.0780879881,38.1260924487,"Good",3,42.23
-98.5394914703,39.4272767566,"Good",3,68.58
-94.911220938,39.7262441819,"Good",3,41.8
-96.4299700717,37.7866243103,"Good",3,77.17
-95.6797690032,37.3975359931,"Good",3,69.03
-97.505251355,38.5543207654,"Good",3,39.92
-100.274142441,38.7663120539,"Fair",2,25.37
-96.3265974142,39.2525221063,"Good",3,68.02
-100.991932666,38.8387644842,"Poor",1,18.33
-98.1576791749,39.8978030668,"Poor",1,18.13
-97.2319020959,39.4952260484,"Good",3,51.23
-94.8419496813,39.0602729596,"Poor",1,18.02
-97.255345149,37.3392244909,"Poor",1,15.35
-98.1045218736,38.6997277916,"Fair",2,28.38
-96.8566544106,37.8440850826,"Good",3,76.73
-99.5589380618,37.0671252339,"Fair",2,32.83
-95.676007263,37.8816469276,"Fair",2,28.67
-96.2142048091,38.3793918834,"Good",3,61.2
-101.787959822,37.9745019764,"Fair",2,28.83
-99.32134205,37.9932259891,"Fair",2,25.65
-99.2221286249,39.720590125,"Good",3,42.35
-97.4112627685,39.2879678552,"Good",3,37.18
-95.8406129936,39.0157090352,"Poor",1,25.58
-97.9417931882,37.8523196352,"Good",3,61.23
-99.7441509308,39.5541658949,"Poor",1,16.82
-95.8072684367,38.7064016653,"Good",3,63.42
-98.0627698093,38.6645530287,"Good",3,38.08
-98.9848909363,37.1202842603,"Fair",2,35.38
-95.1526485421,37.5035175116,"Good",3,42.45
-96.4548419236,38.5154789402,"Good",3,40.75
-95.4907436223,39.0543522076,"Poor",1,20.92
-97.7576773089,37.6623180905,"Fair",2,33.7
-100.029068643,38.2322524254,"Fair",2,21.8
-99.2325282334,39.1062614965,"Good",3,57.35
-95.5120147042,38.582714764,"Good",3,72.27
-97.6425001822,38.5873734534,"Good",3,48.63
-101.271344605,37.9215860293,"Fair",2,25.43
-94.9503473349,38.2136138682,"Good",3,62.7
-82.8698797969,38.1590760298,"Good",3,53.22
-86.571572027,37.0807508239,"Fair",2,40.25
-86.3051568857,37.829161376,"Poor",1,16.93
-84.7203772265,38.6770283612,"Fair",2,44.42
-83.3587189783,38.0321011852,"Good",3,52.13
-87.4286474972,36.8510018821,"Poor",1,30.15
-82.5694190404,37.8263132219,"Poor",1,17.13
-83.4555036413,36.9127108272,"Fair",2,37.85
-83.564197368,37.6645886,"Good",3,68.03
-83.6083640223,38.2468916072,"Poor",1,27.85
-85.7855834525,36.6508162328,"Good",3,53.2
-83.4998626551,37.6211654383,"Fair",2,32.43
-85.5928898168,37.2911567583,"Good",3,48.37
-86.9501710778,37.1911017502,"Poor",1,22.08
-82.6711199444,37.9794283672,"Fair",2,39.82
-85.4185368017,38.6201424964,"Good",3,46
-84.2439627591,37.2300686488,"Good",3,60.85
-86.3763567415,36.8890839192,"Good",3,46.52
-83.5278608121,37.2046317583,"Fair",2,38.73
-82.8383447143,38.4977174015,"Poor",1,17.45
-85.7162867288,37.7692804326,"Fair",2,43.4
-89.1879406045,36.5792262185,"Poor",1,3.6
-85.7776640338,36.9350346886,"Fair",2,41.47
-86.4429759617,37.1163061018,"Fair",2,38.48
-83.0628145325,37.2961756463,"Poor",1,30.15
-82.9324328099,38.3623126835,"Poor",1,11.65
-83.9559278742,38.6054471437,"Fair",2,38.67
-87.2412267839,37.2503732798,"Poor",1,4.8
-84.7051391767,38.8207260133,"Poor",1,13.3
-87.8962785177,37.6838862497,"Good",3,55.53
-89.4672326434,36.5347441394,"Fair",2,42.45
-89.305831501,36.6087019423,"Good",3,63.7
-90.6898908408,30.9517725351,"Fair",2,54.53
-90.315432873,30.668607593,"Good",3,65.95
-92.809003943,31.1524024805,"Good",3,62.6
-91.1669991959,30.5020534313,"Poor",1,16.95
-92.0764396785,32.9748015717,"Poor",1,18.67
-92.9092086935,31.6265007544,"Poor",1,12.67
-91.9573662519,32.7846484449,"Fair",2,52.88
-91.8054496108,31.5511897825,"Poor",1,23.27
-93.4141249771,32.0661756794,"Poor",1,28.38
-93.7809955787,32.5480588089,"Poor",1,0
-90.6833368049,29.8973342647,"Poor",1,31.4
-91.1407226505,32.6529719178,"Poor",1,16.67
-92.560852791,31.3741597649,"Poor",1,10.42
-92.2788168053,32.7123784739,"Poor",1,20.9
-91.5778217478,31.7433042652,"Poor",1,35.67
-91.8034320458,31.3944127344,"Poor",1,9.15
-91.4446419416,29.8921321185,"Poor",1,4.22
-91.5955188492,30.7550589153,"Poor",1,19.3
-93.0575415046,31.8147320077,"Poor",1,35.7
-90.843821333,30.328478246,"Poor",1,23.03
-91.6903398943,31.0175682199,"Poor",1,21.15
-90.9050832668,32.3166809729,"Poor",1,4.35
-92.5020396998,31.3336152411,"Poor",1,30.12
-92.0242841668,31.2147817437,"Poor",1,26.03
-93.3206209939,32.5640004298,"Fair",2,43.03
-91.0419661256,30.2090219359,"Poor",1,14.68
-91.3627265794,30.7423108981,"Poor",1,6.1
-92.1160033711,29.9042714515,"Poor",1,13.57
-93.1988057751,31.3639853523,"Good",3,64.32
-90.5400485486,30.0468963728,"Poor",1,4.68
-91.2590743037,30.5056571832,"Poor",1,14.68
-90.0028673064,29.9399076495,"Poor",1,6
-91.8767733056,30.6008304725,"Poor",1,28.83
-92.0439914966,32.5284760387,"Poor",1,8.98
-91.452605206,31.5396377443,"Poor",1,2.08
-91.5185785429,32.4950241798,"Poor",1,20.18
-92.0619223094,32.5759163083,"Poor",1,15.13
-91.3992470406,31.6306163071,"Poor",1,2.35
-91.7640648044,31.398469074,"Poor",1,22.82
-91.6424489131,30.9972218872,"Poor",1,0
-93.8921883213,32.3739045163,"Poor",1,16.18
-91.5947424908,31.0896561161,"Poor",1,16.67
-90.9959210915,32.4096389342,"Poor",1,16.13
-90.63434836,30.0406580582,"Poor",1,14.08
-89.9043210995,29.8732241276,"Poor",1,8.18
-90.8204688453,29.980967972,"Poor",1,14.08
-91.505592814,31.4310636364,"Poor",1,16.67
-91.5433311593,31.8792187573,"Poor",1,26.57
-91.4794820307,30.9778746602,"Fair",2,54.08
-90.9994931897,30.1532011141,"Poor",1,14.68
-92.7181677401,31.3530074302,"Poor",1,23.55
-91.3123690198,30.5748944621,"Poor",1,11.7
-89.9898459293,29.8383810786,"Poor",1,7.95
-90.4613342198,29.9978170217,"Poor",1,14.68
-89.9279087168,29.9210508023,"Poor",1,0
-91.121714156,30.2670757896,"Poor",1,0
-91.5236914798,30.8366564046,"Poor",1,6.43
-71.2975995333,42.0904985347,"Poor",1,33.7
-70.9197847872,41.9617880804,"Poor",1,6.37
-71.2179794062,42.7006378633,"Poor",1,22.78
-72.1290034427,42.6317075111,"Fair",2,51.02
-72.5695784529,42.5783639304,"Poor",1,14.22
-71.0939728475,41.8749374709,"Poor",1,8.73
-71.0010049426,42.8138073115,"Poor",1,6.82
-72.8849689194,42.4557517781,"Good",3,72.07
-73.3284339308,42.0901034575,"Poor",1,10.57
-72.5766574017,42.1588373403,"Poor",1,32.98
-72.4589746541,42.7091688197,"Poor",1,33
-73.0823990305,42.4251304957,"Fair",2,47.2
-72.5905423772,42.2040246738,"Poor",1,37.88
-70.9336095344,41.957555583,"Poor",1,11.95
-71.133985557,42.7103013403,"Poor",1,38.48
-72.5627607436,42.5441872769,"Poor",1,21.87
-72.5713326785,42.6019143574,"Poor",1,29.45
-71.0935137331,42.7655313625,"Poor",1,15.7
-70.9786524256,42.1080129721,"Poor",1,15.78
-76.6970583139,38.440669187,"Fair",2,41.87
-76.9811123289,38.8280271105,"Poor",1,34.82
-78.498720101,39.6426910741,"Poor",1,6.72
-77.1808866292,39.6484795975,"Poor",1,10.12
-75.7699003441,38.6890784275,"Poor",1,9.38
-79.0839433537,39.5966987531,"Good",3,53.58
-77.3895731275,39.0663677396,"Fair",2,32.05
-77.8846057773,39.5985633211,"Good",3,65.02
-77.056233948,38.9039340774,"Good",3,64
-78.6553914772,39.6733548374,"Poor",1,21.43
-77.5073636064,39.1798919581,"Fair",2,43.8
-76.9302438023,39.6901659108,"Good",3,49.27
-77.1245750081,38.6517208086,"Poor",1,32.15
-78.4292682601,39.624205626,"Good",3,59.22
-77.8404754601,39.6498575687,"Good",3,58.77
-77.1685602962,38.6157975509,"Poor",1,30.58
-77.4120791512,39.3218844213,"Fair",2,33.42
-77.7981272291,39.4573420673,"Poor",1,23.18
-76.6898372655,39.3135634767,"Poor",1,16.12
-75.7411505822,38.549568911,"Poor",1,6.4
-78.9045319931,39.5034471172,"Fair",2,34.23
-77.4862290429,39.1848292732,"Fair",2,38.98
-77.3010802605,39.5925493131,"Good",3,49.38
-76.7552685417,38.6203027322,"Good",3,64.07
-78.7517628131,39.6255381873,"Poor",1,28.13
-77.2833253298,39.3110717917,"Poor",1,26.15
-77.0228238468,38.5116911219,"Fair",2,52.12
-69.8479895477,45.9450731835,"Fair",2,51.62
-68.9073558144,47.1699060377,"Poor",1,0
-70.5562976778,43.4399041723,"Fair",2,45.43
-70.3844213172,44.8917767282,"Good",3,71.95
-68.9969630617,44.9603276978,"Poor",1,25.52
-67.8617597158,45.8845572946,"Good",3,59.95
-70.0993017049,45.6904362293,"Good",3,74.15
-69.4380823418,46.4354415075,"Fair",2,50.75
-67.7962054123,46.637702957,"Fair",2,53.98
-69.0144391351,47.1111556276,"Good",3,90.32
-69.556453908,44.9834070988,"Good",3,86.22
-67.8981012852,47.1318267853,"Poor",1,9.02
-68.9442429808,47.1542792023,"Good",3,75.1
-68.6203433456,45.8786662155,"Fair",2,54.4
-67.5498426735,44.7373762323,"Poor",1,29.57
-70.4642289039,43.4988544904,"Fair",2,41.52
-69.3783794642,46.9755596629,"Fair",2,53.77
-68.9496587209,45.2573317012,"Good",3,56.35
-69.7056035906,44.4215453146,"Poor",1,32.78
-69.6761408074,44.5010939992,"Poor",1,17.83
-70.0986098659,44.0030860306,"Fair",2,41.98
-85.1212207313,42.4372842346,"Fair",2,30.55
-85.9786013857,43.7707942331,"Good",3,37.63
-86.8983444697,46.3136840164,"Good",3,70.47
-89.5988420633,46.8116476972,"Poor",1,13.47
-83.2003426922,43.2077892304,"Fair",2,29.35
-86.1095372446,46.4896880795,"Fair",2,29.18
-86.0134031609,44.1428067588,"Good",3,37.67
-83.8728592913,44.2190280826,"Fair",2,28.97
-86.2077899887,42.3302679807,"Fair",2,28.15
-86.1159635196,43.5261642499,"Poor",1,18.78
-89.3979602219,46.5323136655,"Good",3,38.12
-87.407444777,45.6991387633,"Good",3,47.7
-84.592795687,42.5694992952,"Fair",2,23
-85.5942059952,43.0563105177,"Good",3,53.68
-82.9847673137,42.5555865335,"Poor",1,1.23
-85.5846835678,42.4283433589,"Good",3,38.02
-86.4236950084,42.0612714581,"Fair",2,33.3
-83.6244102045,43.3414741465,"Good",3,79.83
-86.0268710352,43.9306402172,"Good",3,56.68
-86.0239727181,43.022338754,"Fair",2,29.83
-83.9678813057,43.3109667142,"Fair",2,39.73
-84.2113080754,44.3152158252,"Good",3,42.43
-84.9387811266,42.8231590197,"Good",3,64.45
-88.9417885051,46.2920599668,"Poor",1,9.43
-84.9992370667,45.6536938295,"Fair",2,27.52
-84.6280276092,42.5416670431,"Good",3,52.02
-84.0945246362,44.6474742064,"Good",3,44.37
-86.1700512687,42.8094723131,"Poor",1,12.2
-82.5250402432,43.0043554832,"Fair",2,39.85
-85.147437553,42.0641964015,"Fair",2,30.93
-87.449746891,45.2925468297,"Fair",2,27.87
-85.038186252,44.0294964619,"Fair",2,32.45
-86.0055749581,43.3269547312,"Fair",2,33.33
-87.2473558013,46.0577662902,"Good",3,40.25
-84.863652539,43.0441206645,"Fair",2,34.93
-84.0501716713,44.1003082038,"Good",3,52.8
-85.7933985641,43.420791172,"Good",3,64.33
-88.5344429699,46.8843259281,"Good",3,43.05
-85.1166058805,46.5548462524,"Fair",2,35.57
-83.4905581091,45.0829049554,"Good",3,47.05
-82.4853274176,42.9423776217,"Poor",1,11.22
-83.3109338197,42.5455915601,"Poor",1,19.58
-85.7282011237,42.6166865721,"Poor",1,11.53
-89.152598869,46.9449982952,"Poor",1,10.95
-85.4699052519,43.6756274329,"Good",3,44.32
-85.1856131102,42.9421965276,"Fair",2,25.53
-88.7408961737,46.7871158377,"Fair",2,29.6
-82.7824074771,43.6193531792,"Poor",1,14.75
-88.1707637903,46.6653182596,"Poor",1,21.32
-85.8759240838,46.1814838359,"Fair",2,26.2
-92.9180267629,44.5026739604,"Poor",1,22.03
-93.659783076,46.0646964371,"Poor",1,15.85
-92.2393369826,47.3717124014,"Poor",1,7.58
-96.8794711569,48.1795819394,"Fair",2,26.75
-92.9556193667,45.422016153,"Poor",1,10
-91.0056756266,47.6987531808,"Good",3,41.25
-94.5335395038,47.9412634504,"Fair",2,34.02
-92.6061793587,46.3712941974,"Good",3,67.83
-93.722164665,48.4851309876,"Good",3,43.98
-95.0462198574,43.7193997419,"Good",3,41.68
-93.9962357803,45.1247945817,"Poor",1,18.82
-93.5720509058,45.2972882233,"Good",3,47.68
-94.0407090998,43.7648152674,"Poor",1,23.23
-92.8115007827,46.9870185365,"Good",3,45.48
-94.3908515767,47.8933575756,"Good",3,44.9
-93.5331191321,44.7995598237,"Poor",1,10.13
-92.7952983349,45.5650917279,"Good",3,42.92
-94.3357010127,48.7030583821,"Fair",2,29.57
-93.982832922,44.8512707706,"Good",3,51.02
-94.2895912462,45.1924006201,"Good",3,38.95
-93.011627889,44.8065949776,"Poor",1,5.1
-94.060297267,43.9066845578,"Good",3,58.9
-93.7841619228,47.2730965729,"Fair",2,23.12
-92.3387368112,44.0415061506,"Fair",2,22.92
-94.0181697301,46.334076513,"Good",3,58.23
-92.4322187845,46.9481502448,"Good",3,50.32
-96.2033188109,47.2550790612,"Good",3,85.33
-95.7775732258,44.9429927683,"Good",3,45.25
-93.3900130639,45.5474351718,"Poor",1,6.98
-93.9393983682,44.3401455985,"Fair",2,23.78
-91.5336237761,47.7550185928,"Good",3,57.3
-92.7575160375,45.1617391985,"Fair",2,23.17
-93.240672392,44.9773026963,"Good",3,50
-91.3220521815,43.8889724402,"Fair",2,35.23
-92.4820841968,44.2385604864,"Good",3,40.75
-94.2326150403,46.3331295347,"Fair",2,28.57
-94.9869724251,48.6555641166,"Fair",2,33.57
-95.0250985279,44.5521269414,"Good",3,50.53
-94.0285754961,44.5176506733,"Fair",2,23.08
-93.6188344332,44.4072432732,"Poor",1,11.48
-93.2272560705,48.3784575981,"Good",3,50.15
-93.8025985411,48.4723867045,"Good",3,42.43
-92.9811675121,44.207177382,"Fair",2,35.87
-95.3819796403,47.7980535912,"Good",3,44.55
-91.3921826625,39.1469704902,"Fair",2,40.2
-91.0321673399,37.7783310681,"Fair",2,36.73
-95.0611800273,39.9237562255,"Fair",2,38.27
-93.7207999823,37.8895119622,"Good",3,59
-93.614336232,38.480305863,"Good",3,41.38
-92.7621424277,40.1165693083,"Fair",2,26.22
-90.4156474242,38.9633667804,"Fair",2,26.28
-91.7030367843,39.9780798496,"Poor",1,25.8
-90.6428188417,37.0275413531,"Fair",2,38.68
-93.9402708943,39.7342679523,"Poor",1,22.07
-91.8040482956,38.2401214184,"Good",3,57.22
-90.7172226139,39.1760523467,"Fair",2,28.37
-93.7144287094,36.7847693146,"Fair",2,44.65
-92.3653591932,37.5389799356,"Fair",2,44.18
-90.5444203154,37.8832499384,"Fair",2,38.68
-92.9499195819,38.6874410621,"Good",3,47.55
-90.6270631865,38.3029678545,"Poor",1,15
-93.6811881157,39.0282652423,"Poor",1,17.57
-92.834755325,40.0940536493,"Fair",2,30.62
-90.4166140944,38.8291194665,"Poor",1,9.07
-91.9211707803,39.2198726656,"Poor",1,16.03
-91.1558635699,37.131696431,"Good",3,51.13
-92.3215456339,38.5253458161,"Good",3,66.73
-94.5082082604,37.1670210782,"Poor",1,10.02
-91.3578126084,37.9837162091,"Fair",2,37.83
-92.5345983483,39.2088436572,"Poor",1,15.87
-94.3516648045,39.0974853494,"Poor",1,17.75
-90.8207505609,38.5809074304,"Poor",1,15.18
-89.3853905956,37.0557241478,"Poor",1,17.93
-93.4094046116,39.2670901973,"Poor",1,20.68
-93.2445051663,37.4296817055,"Poor",1,30.7
-91.6258560939,39.1538803032,"Poor",1,2.75
-94.8807310297,39.6971733413,"Fair",2,33.12
-91.526621165,39.4414695033,"Good",3,43.17
-94.1572828484,39.7114495497,"Poor",1,1.42
-93.5809375864,37.7679872322,"Poor",1,28.57
-89.6935279423,36.02181179,"Fair",2,51.3
-89.3961784959,36.5616969518,"Good",3,57.03
-89.610578322,36.1698759032,"Fair",2,41.07
-89.1159112324,36.9115909989,"Good",3,59.98
-90.8496451449,31.3511216275,"Good",3,72.78
-89.6549728843,30.7672039691,"Good",3,74.23
-91.6038698686,31.2635260678,"Poor",1,20.98
-90.3346700771,32.6469597775,"Poor",1,9.8
-88.5183318154,34.0016574869,"Fair",2,50.07
-88.8882027173,31.0598880107,"Poor",1,6.58
-91.0394967143,31.0002656798,"Fair",2,47.4
-88.5502771427,32.8064611676,"Poor",1,38.1
-91.1395779789,31.982908965,"Poor",1,32.15
-88.5310703808,33.9137378937,"Poor",1,26.05
-89.1518534388,32.4914675262,"Fair",2,54.63
-90.6784206059,34.3709247288,"Poor",1,14.68
-89.6905539107,31.1972335209,"Good",3,59.98
-90.3289473372,32.3079300868,"Poor",1,21.4
-88.7735513906,30.8833903352,"Poor",1,30.48
-90.2996863733,31.316688214,"Fair",2,45.3
-89.9650139714,33.1590938211,"Good",3,62.5
-90.1281156772,31.95175587,"Good",3,57.47
-90.9475945315,32.0868107669,"Poor",1,14.02
-88.8248557999,32.1614904056,"Poor",1,16.3
-89.6785459926,31.7964369191,"Good",3,56.78
-89.8486962757,32.5824600366,"Poor",1,36.47
-89.2779646195,31.0962138646,"Good",3,57.37
-88.5871625093,30.4042415365,"Poor",1,24.35
-90.6787144324,31.6147041345,"Fair",2,42.53
-90.4018209994,32.8006809068,"Fair",2,42.88
-89.3206559732,31.5687015576,"Fair",2,50.15
-88.6327488887,30.6659369529,"Poor",1,16.67
-91.4795984415,31.3644533371,"Poor",1,0
-91.0739544599,33.7759007949,"Poor",1,16.67
-89.7357213684,31.3893796248,"Good",3,57.92
-90.1745308011,31.674255772,"Poor",1,8.63
-91.1230271842,33.4321854236,"Poor",1,0
-89.7459843494,31.0153801716,"Poor",1,35.93
-89.8357144001,30.6793982042,"Poor",1,28.13
-90.5824429088,34.6059771585,"Poor",1,33.33
-90.4627041994,34.7706852357,"Poor",1,30.28
-91.1344283609,33.6200694168,"Good",3,58.47
-90.87650411,34.1855410485,"Poor",1,21.95
-90.2832318839,34.8872436043,"Poor",1,33.33
-91.0641259806,33.867083565,"Poor",1,28.85
-91.1507241159,33.1087443529,"Poor",1,29.72
-110.869844742,46.9308896913,"Good",3,53.93
-109.039941007,45.1416068475,"Good",3,80.9
-110.716426065,47.4990079642,"Good",3,87.25
-113.48093714,45.9072329712,"Good",3,59
-107.308237048,48.9118062193,"Fair",2,45.73
-114.558958789,46.6854406233,"Fair",2,49.33
-109.769585953,46.2508686764,"Fair",2,51.98
-112.495901645,47.2118541155,"Fair",2,45.38
-105.517751694,48.2239098328,"Fair",2,42.98
-108.408797687,45.9129353624,"Poor",1,27.77
-111.594327164,47.0817772176,"Good",3,70.6
-115.220464959,47.2076156991,"Good",3,77.28
-113.880805764,48.3535643159,"Good",3,60
-109.5269269,48.2711417194,"Good",3,58.05
-116.001667184,48.0050490296,"Good",3,60.72
-114.769850216,47.066361551,"Good",3,65.73
-110.045797008,45.8376859126,"Good",3,69.15
-114.018715517,48.0774672916,"Poor",1,12.83
-104.391246786,48.0766134409,"Good",3,71.37
-107.965734785,46.5660382176,"Good",3,81.68
-110.54909569,46.1667666608,"Good",3,95.88
-111.498635536,47.4143500162,"Good",3,70.7
-105.814048153,46.3596270422,"Good",3,72.72
-107.583805867,48.3459823537,"Poor",1,28.1
-112.996591304,44.9762608234,"Poor",1,26.92
-112.900092245,48.569323339,"Poor",1,17.35
-114.737650614,47.8370618157,"Good",3,67.3
-110.371308096,46.4577476838,"Good",3,81.72
-104.995202473,46.8678342007,"Good",3,76.83
-113.870700021,47.9094838807,"Poor",1,32.23
-111.301282325,47.4516097767,"Poor",1,39.2
-107.778191466,45.4338226489,"Fair",2,49.83
-108.165005382,47.0151948043,"Fair",2,43.68
-109.926375264,48.4576649995,"Poor",1,34.1
-106.450392078,46.1105918758,"Good",3,69.03
-109.31160459,45.5973197817,"Good",3,80
-112.107506574,45.5316243504,"Good",3,69.93
-113.198807009,48.9908633946,"Good",3,66.08
-105.441163492,48.7295490367,"Poor",1,41.73
-112.905068627,46.1589031157,"Good",3,50.52
-111.265708805,46.5855868029,"Fair",2,49.78
-106.856529165,48.9432344042,"Fair",2,49.48
-112.681058787,47.6166609121,"Good",3,87.43
-112.124625105,48.1432072739,"Poor",1,33
-107.585315774,45.0342057441,"Good",3,95.48
-107.548996149,48.1473271403,"Poor",1,26.35
-111.566890199,45.909362111,"Good",3,64.28
-109.276796283,47.792473255,"Good",3,67.38
-109.169383899,45.3477131657,"Good",3,68.98
-111.376777306,47.1153695452,"Good",3,74.47
-105.214290512,45.0517088248,"Poor",1,35.73
-111.090657555,44.693960237,"Poor",1,34.2
-109.391675679,48.549468148,"Good",3,57.98
-112.491116239,47.721716793,"Good",3,86.8
-110.163839016,47.0542510403,"Poor",1,39.92
-108.593892129,46.7849167341,"Good",3,64.57
-110.735284831,45.993500635,"Good",3,74.22
-109.525813614,45.3078739739,"Good",3,77.17
-110.604933855,46.3279549881,"Good",3,88.48
-109.550910636,48.1804506873,"Fair",2,53.63
-107.683434787,45.0014792402,"Poor",1,29.52
-81.5102508307,36.1118796975,"Good",3,53.02
-82.0449695429,36.0991713751,"Good",3,51.13
-82.778982244,35.6821960681,"Fair",2,40.97
-83.6967759958,35.0246685542,"Good",3,62
-77.7538445977,35.3855297107,"Poor",1,7.33
-80.3598869764,35.876157617,"Poor",1,23.67
-81.7447200872,35.6437926137,"Fair",2,35.82
-80.6566825711,35.1611892411,"Poor",1,3.95
-80.4655795186,35.0436515001,"Poor",1,22.33
-77.6599398208,36.4817098395,"Poor",1,0
-78.7783979476,35.4000801566,"Good",3,64.83
-77.9632200411,34.5824949171,"Poor",1,13.13
-80.9602935243,36.2149171664,"Fair",2,41.37
-79.3282468951,36.5307522585,"Fair",2,40.45
-84.0245236006,35.0605664575,"Poor",1,30.4
-77.6750030139,35.4580011084,"Fair",2,49.3
-80.418126039,35.9975632493,"Poor",1,17.38
-76.7378899978,36.150211686,"Fair",2,40.88
-78.7981994796,34.923369932,"Poor",1,12.52
-80.7245022322,35.3970794705,"Poor",1,17.53
-78.8097367399,35.176076333,"Poor",1,27.23
-78.256943663,34.5197813706,"Poor",1,39.62
-81.4095838867,35.4756984365,"Good",3,47.55
-78.5755290903,35.9395429982,"Poor",1,18.48
-83.5072192493,35.3512582559,"Fair",2,39.5
-77.5326325176,35.945352858,"Fair",2,46.73
-77.0291869228,35.3202504531,"Poor",1,23.38
-79.0520955282,35.5944825681,"Poor",1,9.15
-76.9434492502,36.4716993554,"Poor",1,23.33
-81.3732553831,36.549571048,"Good",3,49.3
-78.1534421136,35.6772781999,"Poor",1,7.85
-80.6044344392,35.1530350117,"Poor",1,1.97
-78.823375839,34.5349674932,"Poor",1,19.53
-82.079599339,35.8788048464,"Good",3,54.5
-80.3428983369,35.9752436521,"Poor",1,9.83
-82.6597333474,35.8376048632,"Fair",2,36.05
-80.8267700596,35.5210167321,"Poor",1,7.85
-78.8451334468,35.9453853016,"Poor",1,13.53
-78.1435452505,36.2236428655,"Fair",2,44.9
-79.5908672241,35.9516063201,"Poor",1,10.28
-79.4881181866,35.9960242778,"Poor",1,25.17
-77.1827820496,35.5959533909,"Poor",1,40.27
-100.872798915,46.3895869633,"Fair",2,55.63
-103.563848254,46.5462711058,"Poor",1,34.2
-100.920937744,48.0633785563,"Poor",1,24.75
-96.8766190531,47.4597448279,"Good",3,46.52
-101.733272997,46.5891563175,"Good",3,79.02
-103.547265709,46.9091838923,"Fair",2,43.42
-98.0748477103,48.921086356,"Fair",2,36.73
-102.192903194,47.3045788544,"Poor",1,31.88
-97.563150706,48.1866206415,"Good",3,48.02
-101.617080815,46.030884968,"Poor",1,29.03
-102.240531922,46.4780038836,"Poor",1,33.57
-102.888849087,46.9902018772,"Fair",2,50.97
-98.0427612885,48.7621745618,"Good",3,42.37
-101.808396545,47.255847423,"Good",3,68.32
-102.705253323,47.3790631684,"Poor",1,24.57
-97.3850634761,46.1162931146,"Fair",2,31.68
-102.234188538,47.1295790306,"Poor",1,29.77
-102.042080645,47.1603376628,"Fair",2,45.02
-97.6998560261,48.175760222,"Good",3,71.23
-101.502546328,46.2214899651,"Fair",2,51.3
-103.512370169,46.4179424037,"Poor",1,39.82
-97.3388571286,47.5022327473,"Poor",1,24.78
-101.106840897,46.7997200285,"Good",3,57.85
-103.825286758,47.9787139854,"Poor",1,36.47
-97.1933385796,46.7620789315,"Poor",1,24.75
-100.441781902,46.5346401707,"Poor",1,34.87
-101.104703833,47.0464589283,"Fair",2,43.67
-103.12024392,45.9582850906,"Poor",1,39.12
-97.439630337,48.4388713541,"Fair",2,38.07
-102.075098492,46.0545469103,"Poor",1,41.2
-101.400522105,47.3481367933,"Fair",2,46.62
-97.1740344172,48.1197112594,"Poor",1,4.17
-101.170633912,46.7758207457,"Good",3,75
-103.611645809,47.3825418731,"Poor",1,26.68
-103.921973185,46.008942852,"Good",3,71.4
-98.1675759217,45.9788906804,"Poor",1,16.53
-100.74279143,46.7467623914,"Poor",1,19.2
-102.349091956,46.7541365556,"Fair",2,51.23
-101.177930211,47.2802929656,"Poor",1,38.88
-101.813307103,46.323994258,"Fair",2,54.93
-103.037881589,47.6688575293,"Poor",1,34.67
-101.618357015,47.284320048,"Good",3,64.98
-96.8441300765,47.2502139448,"Poor",1,12.1
-101.483837414,46.7413643433,"Poor",1,33.55
-103.540652265,46.925843364,"Fair",2,53.27
-103.801551883,46.5290272151,"Fair",2,47.08
-101.027965476,46.2768683169,"Good",3,58.92
-103.96608032,47.8413849457,"Good",3,61.17
-96.9531602347,46.7078027307,"Fair",2,32.37
-102.645754061,47.1678871153,"Fair",2,44.6
-102.777796886,48.3671878618,"Poor",1,27.12
-97.0365986969,47.3247128331,"Fair",2,35.07
-101.661395811,46.5696983434,"Good",3,60.77
-103.188336158,45.9672142787,"Poor",1,42.18
-96.7871555032,46.8304164472,"Poor",1,0.95
-101.801670165,47.0966896792,"Poor",1,24.02
-102.131612983,47.2772080319,"Good",3,57.83
-101.690187263,47.2130669439,"Poor",1,23.98
-103.287827419,46.0140707778,"Poor",1,3.4
-102.168136383,46.4305192976,"Poor",1,27.03
-100.915210018,47.3147840737,"Fair",2,50.55
-103.716378769,42.6221105441,"Good",3,37.53
-99.1641736065,40.5967962472,"Poor",1,14.25
-96.5925695666,41.1873289591,"Poor",1,22.08
-97.7553919302,40.7159493901,"Poor",1,16.67
-101.212253999,41.1442113009,"Good",3,47.6
-100.556809343,42.8027954382,"Fair",2,43.03
-102.998959243,42.4490651472,"Good",3,38.18
-99.7008263685,40.2454117134,"Good",3,79.22
-98.4377535206,40.7996552121,"Good",3,51.25
-96.5484547891,41.1520458511,"Fair",2,31.72
-103.611382108,41.2537320121,"Poor",1,16.45
-98.155006578,42.7117523132,"Good",3,66.75
-101.166484824,42.0973711115,"Fair",2,33.6
-98.1304379313,40.3574307462,"Fair",2,29.52
-99.4476653771,42.9480446761,"Fair",2,44.83
-98.0889675476,41.4156568263,"Poor",1,19.9
-103.699312545,42.4335864813,"Poor",1,9.6
-100.574560616,40.6249234136,"Fair",2,33.23
-97.158924156,40.6916616626,"Poor",1,16.67
-100.31048413,40.23519944,"Poor",1,12.58
-98.7323150543,40.7842923949,"Poor",1,15.03
-96.3498792165,41.5031947431,"Poor",1,17.47
-97.8722173924,42.5896446071,"Good",3,41.4
-96.1447224941,41.939328973,"Good",3,45.43
-102.716022019,41.5408473846,"Good",3,66.45
-100.485386503,42.8981733344,"Good",3,63.43
-98.0669606134,41.0243513623,"Fair",2,27.3
-99.0353202609,40.6560177308,"Good",3,42.57
-97.1569373874,41.3995558546,"Fair",2,34.15
-102.030178641,42.7154371927,"Good",3,40.7
-98.913831557,40.6533358583,"Poor",1,12.43
-99.0985261837,41.0946563029,"Poor",1,17.65
-97.6766494926,41.673105346,"Poor",1,16.67
-97.5355204971,40.2437099656,"Poor",1,5.58
-97.7810541793,41.4097075567,"Good",3,44.87
-100.045521032,42.7971648312,"Poor",1,37.3
-97.2506347833,41.0901054632,"Poor",1,20.15
-96.6062567847,40.9022569703,"Poor",1,19.15
-97.2410837608,40.0720793025,"Good",3,47.45
-98.8180757985,42.9365227942,"Poor",1,41.3
-96.0009130834,40.9762629459,"Poor",1,7.03
-97.2248260005,41.0927175494,"Poor",1,18.63
-101.279985773,40.1769361023,"Poor",1,15.45
-97.6905604359,40.5225350752,"Poor",1,9.1
-101.626752896,40.431870424,"Good",3,37.37
-101.24963205,42.7877746035,"Fair",2,34.23
-71.9957249945,42.9110825723,"Good",3,63.78
-71.9813282338,43.6961720278,"Good",3,68.88
-70.9962082827,43.3365812074,"Good",3,64.08
-72.0481838616,44.2430844219,"Poor",1,30.07
-72.448701621,43.0680746016,"Poor",1,3.58
-72.1782225148,43.8658088297,"Poor",1,8.75
-71.5235051861,43.1931728813,"Poor",1,8.13
-72.393438501,43.3511798162,"Poor",1,17.35
-71.6500227433,43.432643296,"Poor",1,14.68
-72.5530887446,42.8493227188,"Poor",1,2.73
-72.3950079387,43.4303026982,"Good",3,76.2
-71.6224954843,43.2560426548,"Poor",1,28.62
-71.5295197218,44.8733146088,"Poor",1,36.88
-71.1952393083,43.8187930524,"Poor",1,24.97
-71.1860412798,43.1451480507,"Fair",2,42.03
-71.2199328808,44.3931921433,"Good",3,72.08
-74.4145714578,40.1713822353,"Poor",1,37.85
-75.0402718829,40.8149393483,"Poor",1,19.23
-74.0473026245,41.0421194885,"Poor",1,21.1
-74.840221171,41.2724234824,"Good",3,60.27
-74.4661451553,40.5088978728,"Poor",1,21.15
-74.1868363126,40.9125093173,"Poor",1,5.8
-74.8555478993,41.2501237785,"Fair",2,33.68
-74.9385144669,40.3369551627,"Fair",2,42.2
-74.1074486436,40.8628987977,"Poor",1,11.78
-75.0682316597,40.4504712532,"Good",3,48.08
-74.8429247143,41.1104585853,"Poor",1,16.05
-74.748642826,40.5060116723,"Good",3,49.08
-74.1483307977,41.0954725782,"Poor",1,11.25
-74.4744372468,40.6246182658,"Poor",1,8.73
-74.3921702149,40.9127642379,"Poor",1,0
-106.604984044,35.9710543661,"Fair",2,48.57
-106.500868718,36.5976755447,"Poor",1,27.97
-105.236611824,36.4358029198,"Fair",2,36.95
-104.611687376,35.7908753765,"Good",3,37.18
-106.742491271,34.7501451564,"Fair",2,44.5
-105.337455567,32.9250669642,"Poor",1,31.07
-105.7319397,36.110603727,"Good",3,53.62
-104.505553579,35.3770723544,"Fair",2,26.57
-108.125506034,33.3007677125,"Poor",1,31.4
-108.211449818,36.7079257423,"Fair",2,51.67
-104.31475399,34.0048535666,"Poor",1,20.62
-106.658095795,35.1680164996,"Good",3,59.15
-104.910899047,35.2433125814,"Good",3,62
-106.699251721,32.1416941007,"Fair",2,54.37
-104.456603426,33.4146195157,"Poor",1,26.63
-108.762366508,33.7578523855,"Poor",1,30.92
-106.803684385,34.4471876075,"Fair",2,47.43
-108.208810818,33.2025302541,"Fair",2,49.98
-107.985270458,36.6992864227,"Poor",1,37.68
-104.234709156,34.4439106294,"Fair",2,22.45
-104.314454461,32.5189796954,"Fair",2,49.08
-108.57087147,32.9880974228,"Poor",1,28.93
-106.67590622,36.3595147879,"Poor",1,31.53
-107.206567822,33.1493765649,"Poor",1,6.77
-105.129885728,36.5479966608,"Good",3,55.13
-106.240472046,36.7888588019,"Poor",1,35.35
-104.878285388,36.7974147753,"Fair",2,39.45
-105.007350002,35.7714623766,"Fair",2,31.65
-108.118744082,36.7833108051,"Poor",1,0
-105.365035208,35.26512908,"Good",3,51.93
-116.901528988,40.3165775672,"Poor",1,29
-115.224255991,40.9031128573,"Fair",2,51.37
-117.059520266,39.2179294933,"Poor",1,30.53
-116.034269575,41.4176674112,"Fair",2,50.47
-115.228963293,41.7152201375,"Good",3,64.03
-114.277460389,38.3275079312,"Poor",1,34.42
-115.704604548,41.806824609,"Poor",1,38.28
-116.398716803,41.2139870946,"Poor",1,35.77
-119.443340227,41.9214727659,"Poor",1,15.42
-115.554368642,40.7412986765,"Fair",2,49.67
-116.083288526,41.0157947248,"Poor",1,23.42
-116.523521169,40.7024085265,"Good",3,63.02
-114.604291764,35.0742415338,"Poor",1,16.32
-117.806045334,41.7717972655,"Poor",1,32.13
-117.464669268,41.3973601037,"Poor",1,41.83
-118.910904633,41.4088438749,"Good",3,69.45
-114.541345387,39.2142886121,"Good",3,70.83
-115.806140555,40.8147032251,"Poor",1,12.95
-114.531816521,36.6417447024,"Fair",2,56.43
-115.667331802,38.8585825878,"Poor",1,20.7
-117.909719483,40.9100254331,"Poor",1,40.72
-116.762485459,40.6860023404,"Poor",1,7.07
-115.628516066,41.8772961763,"Good",3,61.18
-117.77072492,41.9957488996,"Poor",1,9.8
-117.382987413,41.7712516485,"Fair",2,44.15
-119.757304234,39.0821594288,"Fair",2,50.53
-115.657142045,41.3203999844,"Poor",1,30.33
-116.604862059,38.8505517042,"Poor",1,30
-118.315441478,40.4102406495,"Poor",1,38.83
-116.779031682,40.6496556523,"Fair",2,52.43
-115.863833013,41.9577650621,"Good",3,65.75
-118.460599587,41.2738502414,"Poor",1,36.37
-119.629920155,39.2007537404,"Poor",1,35.68
-115.4997593,41.1316175343,"Poor",1,36.55
-117.044231328,40.7882438934,"Good",3,59.57
-117.339335146,41.0056481378,"Fair",2,43.33
-116.120675591,40.3949479956,"Poor",1,35.47
-117.340167781,38.7814787299,"Good",3,67.77
-118.100698594,40.6972089235,"Poor",1,28.72
-114.686614279,41.8866609483,"Good",3,68.12
-74.8083536707,44.5885057705,"Poor",1,21.63
-75.7886084222,42.9600699341,"Poor",1,6.82
-73.4765967198,44.738153633,"Good",3,60.13
-73.4798824637,42.6052781242,"Good",3,63.72
-77.6492226272,42.7915968168,"Poor",1,16.58
-76.9550352697,42.3150619089,"Fair",2,41.42
-74.5234417062,44.318791928,"Poor",1,39.68
-74.4389093205,42.5011204364,"Good",3,79.62
-73.8455979147,41.5628665228,"Fair",2,44.65
-75.6321732371,42.42297023,"Fair",2,52.63
-76.6191811186,42.9368935337,"Poor",1,1.85
-77.0540853661,42.1460332552,"Fair",2,51.37
-73.9893342438,42.8285239881,"Poor",1,35.33
-76.6810517054,43.0071074152,"Poor",1,15.62
-75.856777587,42.1614404926,"Fair",2,52.88
-74.1279979319,44.8645028773,"Good",3,74.85
-73.740769241,43.248659846,"Poor",1,17.88
-75.7674293327,44.2592806648,"Poor",1,18.1
-73.7870207682,42.4741307078,"Poor",1,7.72
-78.4236343296,42.0806510697,"Poor",1,18.23
-78.4692192101,42.0659051673,"Poor",1,13.02
-76.2955105545,43.1376680498,"Poor",1,17.82
-76.3983055694,42.0289557281,"Good",3,69.38
-74.1944499613,42.9355753605,"Poor",1,0.55
-75.6964441718,42.3477532329,"Poor",1,27.4
-73.5864012263,43.2555280368,"Poor",1,31.72
-74.5517298768,43.531578971,"Good",3,74.1
-77.8433099468,42.8598443313,"Poor",1,18.73
-73.9319508956,42.055755619,"Poor",1,21.75
-77.7064771153,42.6784929206,"Poor",1,4.85
-75.1007825128,44.8186406224,"Fair",2,41.02
-78.5949084137,42.6759876171,"Poor",1,24.4
-75.2633206895,43.1214575986,"Poor",1,23.57
-76.3976992899,43.3045003013,"Poor",1,11.22
-75.6137919068,42.1240122912,"Poor",1,30.15
-75.4061501423,44.6161292494,"Poor",1,38.55
-74.5093396348,42.8954827805,"Poor",1,27.25
-74.3675304141,41.5962643778,"Good",3,54.5
-79.266370366,42.115469427,"Poor",1,3.8
-75.4783027721,42.90824199,"Poor",1,16.42
-76.8546386393,43.0156680447,"Poor",1,0
-78.7727601882,42.2349244601,"Fair",2,50.08
-76.474403358,42.7412660912,"Poor",1,38.4
-75.571941541,42.4942017252,"Fair",2,47.53
-74.885223615,44.4995415054,"Good",3,66.45
-74.0052376283,44.6575042939,"Good",3,62.78
-81.6365735662,40.7350203809,"Poor",1,0
-81.1929117029,39.6316924234,"Poor",1,21.78
-81.3899313242,40.8056823113,"Poor",1,8.92
-82.7787281916,39.7475296681,"Good",3,56.37
-82.5339212259,40.0640785908,"Poor",1,35.3
-82.5908494194,41.2920529424,"Poor",1,26.37
-81.2231766482,41.516648433,"Poor",1,9.48
-80.8663124019,39.9935384294,"Fair",2,34.43
-80.7991758781,40.7066287227,"Poor",1,8.73
-82.9642969223,39.3098238457,"Poor",1,27.07
-81.841620677,39.7456717719,"Poor",1,9.15
-80.8226628607,41.7936282739,"Poor",1,16.85
-81.874113475,40.2661217843,"Fair",2,42.25
-81.3951396163,40.5812819717,"Fair",2,32.9
-84.3420566011,39.1361922461,"Good",3,68.97
-84.7125173884,41.1916569472,"Poor",1,2.08
-81.4805902086,39.466028628,"Poor",1,14.33
-81.8177446691,41.1590557569,"Poor",1,40.13
-83.0176862002,38.8266823011,"Poor",1,24.23
-83.2129498532,41.0282916849,"Good",3,77.23
-81.2132701711,40.3731490794,"Poor",1,8.67
-80.9177649464,41.7962140601,"Poor",1,10.98
-80.8105906665,41.2085360544,"Poor",1,15.13
-83.2529660113,40.0163566704,"Good",3,79.73
-82.3816517431,39.9794604451,"Poor",1,36.6
-82.1164116877,40.7568881589,"Poor",1,3.7
-84.2325392457,39.6927104346,"Good",3,40.45
-83.0256664189,40.5149998709,"Good",3,71.38
-82.5034367957,40.3945966171,"Fair",2,43.48
-84.1701692877,39.9768258661,"Good",3,78.32
-84.6471764574,41.0622986632,"Poor",1,2.08
-81.980851202,39.3886788759,"Poor",1,28.65
-81.823351076,41.4531323693,"Poor",1,13.12
-83.3595268841,40.8327909958,"Fair",2,35.9
-82.7733060677,39.9211081819,"Fair",2,34.25
-81.3762909663,41.4809331734,"Poor",1,35.37
-96.4833534022,35.8039866584,"Good",3,36.8
-99.8819368412,35.3916083255,"Fair",2,24.3
-99.0935234099,34.2119320539,"Fair",2,24.62
-96.7208441514,34.2483323493,"Good",3,44.27
-96.3158404513,35.5375503657,"Good",3,39.63
-98.876023235,34.9999743306,"Poor",1,5.88
-99.9304571978,36.0383483725,"Poor",1,13.75
-98.3082520829,35.0468470417,"Good",3,40.33
-95.1655857408,35.6901398127,"Fair",2,31.27
-97.6122110318,34.8402744699,"Fair",2,31.72
-97.3311830616,36.00645377,"Fair",2,33.83
-99.5152462459,35.925818779,"Poor",1,19.6
-97.4219204089,36.9580016015,"Fair",2,34.75
-97.0059541275,33.8636236118,"Fair",2,26.22
-98.3059951977,34.839343944,"Poor",1,19.52
-95.7926483889,35.3993595105,"Fair",2,26.25
-97.1343340872,35.7493091944,"Good",3,51.1
-99.130213255,35.5300004444,"Fair",2,21.45
-98.1290107811,36.0550310228,"Poor",1,8.85
-97.8639100447,35.9249127183,"Poor",1,1.12
-99.0237547447,34.591586435,"Good",3,44.42
-95.0353937077,36.9513482555,"Poor",1,13.45
-101.676777942,36.6969507188,"Poor",1,13.92
-96.706883172,34.2220827721,"Poor",1,13.17
-95.5493599764,33.912216284,"Poor",1,39.43
-96.376979017,35.7176879218,"Good",3,38.63
-98.702093728,35.814545475,"Good",3,59.42
-95.9353442033,35.5687318769,"Fair",2,29.13
-97.5634193101,35.2373166773,"Poor",1,3.55
-99.0491254307,35.9107801906,"Good",3,39.07
-96.7740171117,34.9004548855,"Fair",2,23.73
-99.1112013283,34.9225404233,"Poor",1,11.3
-97.9763869643,33.9115751605,"Fair",2,28.4
-97.3000224127,34.9639733095,"Poor",1,8.88
-95.1187914017,33.9145112172,"Poor",1,38.27
-96.9970436291,35.3485560347,"Poor",1,15.5
-99.2188692767,35.1481407178,"Fair",2,29.25
-100.181137357,36.9649104513,"Poor",1,2.15
-97.4406101829,35.8382571415,"Good",3,55.12
-99.0591125057,34.2040733506,"Poor",1,12.62
-97.4859973242,36.6784084601,"Good",3,36.75
-94.5374863184,35.2272381672,"Poor",1,20.95
-97.1628121621,34.7237468005,"Fair",2,29.68
-99.7227053479,35.5453890876,"Fair",2,35.3
-96.3680712237,35.9654535509,"Good",3,57.52
-95.5689395746,36.1090538914,"Poor",1,19.03
-97.1923134029,34.2751347293,"Good",3,61.95
-94.7144165831,34.5312566046,"Good",3,47.58
-96.6994794826,34.3459192318,"Good",3,76.22
-95.1166838051,36.988314899,"Good",3,56.97
-96.2100782435,35.7556497439,"Fair",2,26.02
-124.095611577,43.6495282394,"Poor",1,25.37
-119.446251,45.3681165759,"Poor",1,19.6
-121.25916785,42.9430813237,"Fair",2,41.62
-119.638349427,44.6231854432,"Fair",2,38.3
-117.424161338,44.8984298812,"Fair",2,45.78
-123.502580664,43.8751026375,"Fair",2,41.38
-116.856447478,45.1144991405,"Fair",2,45.12
-123.477471668,45.3004529827,"Fair",2,45.77
-122.411511633,43.0969528088,"Good",3,61.02
-123.664332508,43.9912715155,"Fair",2,40.52
-122.149369214,45.3953544165,"Good",3,53.67
-122.249672908,44.1679542591,"Fair",2,41.33
-123.157974079,42.4132401492,"Poor",1,17.33
-122.813715436,44.4907093376,"Fair",2,40.03
-123.836347443,44.3729226936,"Poor",1,28.22
-120.482277003,45.1697788733,"Good",3,62.42
-123.211522123,43.3105712338,"Fair",2,41.07
-121.847144626,45.2117726577,"Good",3,76.78
-116.487489113,45.5755830844,"Poor",1,9.88
-120.859466363,44.2475263395,"Good",3,58.97
-123.106346285,44.065471238,"Fair",2,44.52
-122.959935025,45.4847781963,"Poor",1,9.18
-121.468827265,42.4620636132,"Poor",1,23.12
-118.048972809,43.7708369719,"Poor",1,20.97
-123.972958764,44.8063832689,"Poor",1,26.57
-120.358032147,45.5325191648,"Fair",2,52.68
-116.759612672,45.749425168,"Good",3,71.47
-122.766462137,43.614986881,"Good",3,66.25
-122.514052897,44.752692373,"Poor",1,28.88
-118.477047909,44.9014900345,"Good",3,78.57
-121.761677447,42.5995531095,"Poor",1,13.17
-117.694337059,43.0527714852,"Poor",1,28.28
-122.829746432,43.1011809035,"Good",3,85.22
-123.218631758,44.3165076199,"Fair",2,38.2
-118.142912344,44.8514618231,"Good",3,54.72
-124.345341064,42.4682827868,"Poor",1,14.03
-122.929591441,45.7306539172,"Good",3,72.58
-119.291237872,44.1412477474,"Poor",1,30.97
-117.455339397,45.930818784,"Good",3,72.57
-122.577045561,44.1464109277,"Good",3,67.67
-123.501658965,43.5775336629,"Poor",1,13.22
-122.816473962,44.7792412284,"Good",3,61.13
-119.149039286,44.8850214932,"Good",3,60.88
-116.672223496,45.286944959,"Poor",1,2.43
-118.878044771,43.1829002035,"Fair",2,43.9
-123.691267563,43.1678009183,"Good",3,67.97
-118.704127002,45.1931294141,"Fair",2,48.08
-122.705380393,45.5528648167,"Poor",1,7.85
-121.686031029,43.6877255374,"Poor",1,6.42
-75.513406329,41.8628644918,"Good",3,61.78
-78.147480442,41.5376959696,"Good",3,77.07
-79.7203973057,39.9433648593,"Poor",1,20.9
-76.0833921121,40.8692169679,"Good",3,57
-75.5303051021,40.3766788354,"Good",3,62.62
-80.0951358573,41.4696938275,"Fair",2,45.55
-80.2187184438,40.7563408598,"Poor",1,13.05
-77.1315956448,41.7561636033,"Good",3,56.77
-78.8922038166,41.3180847097,"Poor",1,21.07
-75.4127906427,41.720795437,"Poor",1,6.7
-75.2235394247,40.0733626389,"Poor",1,24.58
-78.747752092,41.419915633,"Poor",1,9.85
-77.1292267517,41.9225841852,"Poor",1,30.8
-76.1397436413,39.8477077013,"Poor",1,24.28
-76.9481287603,40.4917972684,"Fair",2,39.62
-80.3739633072,40.9310747489,"Poor",1,18.15
-76.5119155764,41.9698957868,"Fair",2,53.13
-78.2600496888,40.9297267018,"Poor",1,9.75
-77.3412322705,41.2887074081,"Good",3,65.28
-80.1632272444,41.0241936068,"Fair",2,46.98
-77.5037704689,41.6076338344,"Good",3,63.87
-78.1326098633,41.4884670577,"Good",3,75.7
-77.1567911975,39.7741966909,"Poor",1,23.28
-75.6605529927,41.4430507706,"Poor",1,29.68
-75.5102616287,40.1431790941,"Fair",2,33.52
-78.6114827502,41.6569847123,"Good",3,56.05
-79.3989884306,40.5215853217,"Poor",1,21.83
-76.8015057515,40.8857162244,"Poor",1,23.95
-80.5093664527,41.2433251079,"Poor",1,25.8
-76.3324102499,41.8317009625,"Fair",2,54.32
-78.0930174538,40.551950437,"Good",3,46.97
-77.4240424215,41.3724269471,"Good",3,65.22
-79.9424879848,40.6536726535,"Poor",1,10.82
-75.6314576628,41.0174368213,"Fair",2,54.32
-78.9140115234,41.378775036,"Poor",1,9.5
-75.848742192,41.9544177841,"Poor",1,35.38
-74.9777226007,41.4330945877,"Fair",2,46.8
-78.674306417,40.0543740871,"Fair",2,32.27
-71.1289882456,41.5590032876,"Good",3,55.95
-71.3813036759,41.8801381803,"Poor",1,9.55
-71.8408038427,41.3935401631,"Good",3,69.27
-71.5036669593,41.7154693785,"Poor",1,27.62
-71.4917553745,41.9903568767,"Poor",1,15.65
-71.842469621,41.4100168063,"Poor",1,34.57
-71.7211944184,41.4284225364,"Good",3,63.43
-71.4710211184,41.7195959825,"Poor",1,21.45
-71.4697525478,41.9716682187,"Fair",2,44.57
-71.8255981091,41.415022101,"Poor",1,29.13
-71.7868346511,41.8480446411,"Poor",1,14.3
-71.4401426564,41.7582853755,"Poor",1,13.72
-71.7122843833,41.5065386947,"Fair",2,51.4
-71.4691417358,41.8326704985,"Poor",1,22.08
-83.2369762454,34.7426237685,"Poor",1,10.72
-78.7847411815,33.8839072093,"Poor",1,5.3
-79.4402991962,33.9090947095,"Good",3,55.32
-80.6503139895,34.126220836,"Good",3,58.45
-81.777452016,34.5704837016,"Poor",1,21.13
-80.0680310973,33.8236246061,"Poor",1,25.95
-79.7231244513,34.0305123296,"Poor",1,14.73
-80.9231902078,34.9506326785,"Poor",1,16.48
-79.2367009754,33.7731421646,"Fair",2,43.65
-83.0115114896,34.7691974864,"Fair",2,38.83
-80.6245468067,33.8932798008,"Fair",2,54.57
-82.4539717444,34.6429931357,"Poor",1,19.82
-79.0867859944,33.561708535,"Poor",1,12.72
-82.1624283754,33.61109176,"Poor",1,14.83
-81.3121678721,33.4784446668,"Good",3,70.8
-80.1098664636,33.499510132,"Poor",1,11.43
-79.7319276954,34.242657596,"Good",3,65.25
-81.1395133268,34.1396343166,"Poor",1,15.2
-81.7738521029,34.1666483173,"Fair",2,33.8
-80.0737896053,33.7676334325,"Poor",1,26.9
-79.7324218225,34.4765514817,"Poor",1,30.4
-80.8152679622,34.8265298137,"Poor",1,13.93
-79.1721730287,33.4476948568,"Poor",1,14.1
-78.8569518363,33.9000173342,"Fair",2,43.22
-98.058855519,45.4052273455,"Poor",1,21.85
-102.163926409,43.6967827979,"Poor",1,16.38
-98.8778643301,43.4134959578,"Fair",2,47.03
-102.350129558,45.4256241373,"Poor",1,31.45
-101.797595658,43.5278691122,"Good",3,72.05
-101.276994426,45.7710672033,"Poor",1,19.57
-103.970096981,44.7256447288,"Fair",2,49.82
-102.817461922,43.2870232985,"Poor",1,10.42
-102.597229137,45.1536162215,"Poor",1,38.2
-103.344720624,45.3370120074,"Fair",2,46.55
-101.839466723,45.6873233609,"Good",3,73.75
-103.220059762,44.4740759083,"Good",3,79.05
-100.950976859,44.1126957233,"Fair",2,46.48
-102.389603069,43.3820893754,"Poor",1,7.15
-99.4518512307,43.8217532593,"Poor",1,16.73
-103.793727277,44.2850444251,"Poor",1,15.1
-101.084782318,45.5098105316,"Poor",1,22.8
-100.850830022,45.6563551476,"Fair",2,44.75
-103.062240801,43.7858188217,"Fair",2,43.43
-97.0044162395,42.9985914316,"Fair",2,37.97
-101.984377565,45.7284997191,"Good",3,80.48
-98.6376586319,45.0014374414,"Poor",1,18.03
-101.451115071,44.0438615416,"Poor",1,27.07
-102.544045328,44.8031983779,"Poor",1,10.78
-103.991804168,43.4224424288,"Poor",1,34.5
-101.448963652,44.5910284135,"Fair",2,50.63
-103.693884949,44.817149795,"Poor",1,21.08
-99.1871577565,43.2411152454,"Poor",1,25.03
-100.897139894,43.8100869255,"Poor",1,14.17
-100.683127486,45.7641107651,"Poor",1,38.85
-103.228696184,44.1564302226,"Fair",2,49.82
-97.2801582122,42.8542015822,"Fair",2,38.22
-102.378160473,45.6207248384,"Fair",2,46.38
-102.996967401,43.6071458998,"Good",3,62.65
-96.7089065527,45.3523150143,"Good",3,53.87
-100.4410128,43.7302092834,"Fair",2,43.95
-102.805083865,44.3950861926,"Poor",1,25.6
-101.838538491,43.6422252752,"Fair",2,44.25
-104.011886656,45.5168255047,"Good",3,70.73
-99.1581281844,44.0458761247,"Poor",1,24.5
-102.48142252,43.4872999778,"Poor",1,40.68
-102.896121679,45.1077747551,"Poor",1,25.43
-99.8194874647,43.9160119587,"Fair",2,53.28
-98.8003980314,43.0701326349,"Poor",1,32.43
-101.719605723,43.1266456317,"Good",3,83.12
-101.548717562,45.5632275464,"Poor",1,35.92
-103.002608313,45.9413283107,"Poor",1,26.15
-100.371266704,44.3447831688,"Poor",1,23.93
-103.714570379,43.2529781174,"Good",3,57.93
-102.649033645,43.8947160703,"Poor",1,41.2
-96.4849748341,43.9054925363,"Good",3,57.68
-102.799070887,43.7852357472,"Poor",1,40.47
-102.35032823,45.7951522368,"Fair",2,50.73
-103.429044382,45.9093276521,"Poor",1,23.83
-103.181031719,43.4558386694,"Good",3,81.37
-101.726019979,44.0158490733,"Poor",1,40.77
-96.9875864419,44.0555471905,"Poor",1,22.07
-103.912833263,43.3738427684,"Poor",1,35.78
-103.770104737,44.043015433,"Poor",1,24.42
-103.177334965,44.3745871384,"Poor",1,23.55
-99.5095239849,43.6791745625,"Fair",2,48.7
-84.2558524309,36.3756298567,"Good",3,47.92
-83.766274285,36.5425890715,"Poor",1,14.68
-82.4214157939,36.4587252837,"Poor",1,10.1
-87.6749115172,36.3196715468,"Good",3,57.92
-81.9567296331,36.5233274451,"Fair",2,41.75
-84.276558685,35.3969637753,"Good",3,59.32
-89.0989677362,36.1874320594,"Poor",1,25.4
-85.5050406732,36.6063734509,"Poor",1,11.87
-83.5506594668,35.951449473,"Poor",1,11.87
-85.3609046952,35.1040098975,"Poor",1,8.37
-87.2633329477,35.6724140168,"Fair",2,38.25
-84.891543194,35.6784726906,"Poor",1,23.45
-83.181622588,36.1250757507,"Fair",2,43.67
-88.9237252582,35.2105587324,"Poor",1,24.6
-89.6403505509,36.2461292622,"Poor",1,37.67
-86.6729338,36.1996932927,"Poor",1,0.92
-83.4846389933,35.8290992448,"Poor",1,6.88
-86.9613607579,35.0689841133,"Good",3,46.25
-87.843126789,35.9015954715,"Good",3,50.17
-83.795804971,35.9522135533,"Good",3,48.02
-88.6377322112,35.5001167802,"Fair",2,42.8
-87.4986406485,35.761481867,"Good",3,50.88
-86.9524304818,35.5491608477,"Poor",1,11.38
-82.9719885566,36.2226675679,"Good",3,45.12
-89.0288435594,35.3510357339,"Poor",1,33.68
-89.3817693449,36.1848578359,"Fair",2,44.67
-83.6187940505,36.4937731341,"Good",3,46.87
-89.7703676939,35.1042226084,"Good",3,60.9
-84.3107412615,35.7537237284,"Poor",1,4.97
-86.3486871656,35.1441934463,"Fair",2,34.93
-89.2105806755,35.1210235652,"Poor",1,27.62
-89.6802395841,36.0729666581,"Poor",1,31.35
-84.0482998258,36.4033142845,"Fair",2,35.27
-88.7878041433,36.4249876394,"Fair",2,43.32
-89.4374083545,36.4728993229,"Good",3,57.93
-90.0727787823,35.2196727413,"Poor",1,16.67
-89.9377252862,35.6762751923,"Poor",1,21.97
-89.7631153717,35.7838142194,"Fair",2,45.7
-90.0654728978,35.1475037879,"Poor",1,28.8
-90.2365647321,35.0216350516,"Poor",1,28.75
-95.2020967613,30.6854532541,"Poor",1,39.72
-96.9194024951,33.0255009377,"Fair",2,27.68
-98.8956005256,30.2871875639,"Good",3,65.37
-97.9706169261,32.2804362882,"Good",3,46.47
-97.5698797003,28.3660162161,"Poor",1,38.23
-94.587121386,31.9565571328,"Poor",1,16.8
-94.364801338,29.8877974945,"Poor",1,36.12
-98.0698992738,30.5975646986,"Good",3,47.02
-94.4684375713,33.0683828102,"Poor",1,8.75
-101.322332023,35.7675097955,"Poor",1,14.98
-95.830937469,30.959410655,"Poor",1,27.12
-98.1271693017,31.5906526404,"Good",3,67.87
-99.4419941383,33.1087525284,"Good",3,67.25
-97.4166363541,31.5415141488,"Good",3,49.72
-94.2930339986,30.6181511182,"Fair",2,52.12
-97.7964060571,26.0450175556,"Poor",1,20.58
-101.731819109,29.7715127339,"Fair",2,52.53
-95.4917812272,29.910465698,"Poor",1,29.43
-97.2530584234,33.0556581771,"Good",3,40.2
-97.4399603168,25.848932975,"Poor",1,33.28
-97.6210127829,30.8736561609,"Good",3,35.65
-97.2939827092,33.7584105683,"Fair",2,34.63
-100.824387828,35.9724079949,"Poor",1,2.85
-97.3837531532,29.1572091291,"Fair",2,28.88
-94.9979138737,30.579729765,"Poor",1,22.33
-98.5471929463,26.2351988619,"Good",3,41.12
-98.0581538526,28.3021055871,"Fair",2,31.42
-98.4516845157,29.2389273732,"Good",3,73.68
-103.779289127,31.770344781,"Poor",1,10.35
-96.5877451623,31.5346594475,"Poor",1,18.62
-100.649365809,28.9504206203,"Good",3,54.4
-100.627349567,34.5629496233,"Fair",2,25
-95.433359846,31.9345342314,"Good",3,65.15
-100.140481419,31.7624754881,"Fair",2,27.47
-93.572543426,30.8816851693,"Fair",2,45.83
-99.8158414475,28.7257706093,"Fair",2,27.7
-97.0917420799,31.550414991,"Good",3,46.23
-94.0590169405,33.2942396897,"Poor",1,38.18
-105.663617469,31.1211642149,"Poor",1,33.28
-96.1382389852,30.4711535785,"Fair",2,45.05
-99.5066194771,32.9248510792,"Good",3,41
-102.005053181,35.4511393189,"Poor",1,5.65
-99.9940081302,29.4439072618,"Good",3,47.73
-99.3202098128,31.1318173949,"Fair",2,31.38
-101.3757954,32.2499762217,"Poor",1,10.17
-98.510282692,30.5130384601,"Fair",2,28.77
-97.927355686,30.6544965115,"Good",3,58.98
-96.2871675748,28.8783963497,"Poor",1,24.52
-99.9479225664,31.9512809895,"Poor",1,19.22
-96.5544883247,32.77924102,"Fair",2,34.2
-97.1761233363,33.4829830451,"Good",3,38.62
-95.112183117,31.5160956345,"Poor",1,8.52
-97.3522692759,32.496623905,"Poor",1,11.33
-113.409068626,37.55193806,"Poor",1,37.15
-113.81705718,39.844680278,"Good",3,60.67
-111.154111772,38.1823718065,"Fair",2,56.17
-112.185426968,38.3332583735,"Poor",1,5.57
-110.423116,40.8949358499,"Good",3,66.38
-113.716867173,37.318648621,"Poor",1,40
-111.043714033,39.361637497,"Good",3,65.57
-113.710160626,41.7978289348,"Good",3,59.92
-112.06341141,37.9536831434,"Poor",1,12.43
-111.179864893,40.6622297948,"Fair",2,45.77
-109.208693513,37.223717687,"Good",3,70.12
-110.946701415,39.1334010976,"Poor",1,35.77
-111.141482743,41.5925476181,"Poor",1,17.1
-111.450647503,40.9829547365,"Poor",1,11.85
-112.098593903,37.743062362,"Poor",1,7.7
-109.10163506,39.0897462158,"Good",3,59.95
-109.753464447,38.3528030825,"Poor",1,39.57
-110.405173816,39.3065304993,"Good",3,58.57
-111.217152755,37.6674127949,"Poor",1,36.12
-111.729898151,41.6246018107,"Good",3,59.18
-112.384918958,39.4913338574,"Poor",1,32.53
-109.437071193,37.2750305792,"Good",3,76.08
-110.653699987,40.1311266741,"Fair",2,44
-110.539351,40.8644640025,"Good",3,60.02
-112.033708525,37.5101737071,"Poor",1,34.65
-111.108141937,39.7883033825,"Poor",1,0
-112.21986469,38.4468709109,"Poor",1,26.98
-109.931976268,38.1567028891,"Fair",2,45.8
-113.597025373,37.0769405892,"Poor",1,12.72
-110.142338018,38.8372845057,"Poor",1,23.38
-109.733481051,37.1943959358,"Good",3,77.27
-109.950235092,39.7372326688,"Good",3,67.92
-111.950497641,37.2459527224,"Poor",1,39.15
-110.756723308,38.3709063466,"Poor",1,39.87
-112.094668633,38.1873615532,"Poor",1,30.93
-109.411336201,38.6966570749,"Good",3,78.13
-110.100331599,38.7140287174,"Fair",2,53.37
-110.17310679,39.2106843142,"Good",3,59.38
-113.836988797,41.793176339,"Fair",2,45.18
-109.176670396,40.491446773,"Fair",2,54.55
-112.265108412,38.5167758951,"Poor",1,31.85
-111.765764179,41.1203567488,"Poor",1,29.6
-111.447347353,37.8523188241,"Fair",2,46.07
-109.50484232,38.5446863518,"Poor",1,17.97
-109.594307677,40.7206085216,"Poor",1,26.23
-111.258229177,41.4897782101,"Poor",1,38.15
-112.342614382,37.3642886568,"Poor",1,29.42
-111.028360337,39.9903031384,"Poor",1,35.53
-110.901710574,40.8665385792,"Poor",1,12.18
-79.1586641108,37.8850839744,"Fair",2,39.4
-79.3761113768,38.1773212101,"Good",3,65.43
-78.3575966108,36.9300504825,"Poor",1,17.1
-79.8343045798,36.7816665364,"Poor",1,8.48
-80.3480483759,37.4634708232,"Good",3,68.03
-78.9030259389,37.6333390551,"Good",3,69.6
-77.9892872731,37.7078631384,"Poor",1,21.23
-79.3832683713,37.5090793162,"Good",3,65.97
-77.6395081141,38.2033941519,"Good",3,45.15
-79.0677543281,36.8764524303,"Fair",2,37.97
-80.6811827776,37.3102801445,"Good",3,52.28
-77.9554158376,38.3953274525,"Poor",1,25.47
-78.8714181972,36.7620295251,"Poor",1,22.58
-80.7112596487,36.6135233758,"Fair",2,43.37
-78.900908441,38.3056160784,"Good",3,63.12
-78.7564645823,37.4917635755,"Poor",1,25.47
-80.2994338169,37.0559504756,"Poor",1,22.82
-79.3832051046,37.5932826071,"Poor",1,7.33
-81.0426772244,37.1020521206,"Fair",2,38.33
-77.0240188079,38.1623694717,"Fair",2,46.75
-77.2029267336,36.9304771793,"Good",3,65.75
-79.7594594738,36.5739416963,"Fair",2,35.15
-79.8778403666,38.0456523555,"Good",3,68.33
-77.570999946,38.3481647544,"Good",3,72.85
-78.9549661696,36.5956848707,"Fair",2,32.47
-80.8578305812,37.1594083989,"Good",3,63.83
-79.3535900477,37.1221926894,"Good",3,55.83
-78.310310143,37.5236997471,"Good",3,45.1
-77.7373486203,39.1539426358,"Poor",1,3.05
-82.8210216399,36.6199874039,"Fair",2,39.7
-79.4491147059,37.2395814066,"Poor",1,27.67
-77.5622532679,37.4818805837,"Poor",1,20.53
-79.2531947419,37.0453947104,"Fair",2,34.87
-81.1772838303,36.7721887109,"Fair",2,39.95
-78.2674177671,37.8603016757,"Good",3,58.45
-78.0468826825,36.7842828294,"Poor",1,29.73
-72.4538492883,44.2811593576,"Good",3,61.18
-72.8589783931,44.7831481945,"Good",3,55.03
-72.7110506561,43.946064783,"Good",3,59.27
-72.1363449483,44.8061486985,"Good",3,70.78
-72.9654720869,44.214213333,"Good",3,60.2
-72.5247676307,42.7933701591,"Poor",1,24.17
-72.8253243992,43.9035056444,"Good",3,64.52
-72.7214712796,43.0499890292,"Fair",2,41.97
-72.6763104734,43.792972333,"Good",3,70.02
-72.8717820858,42.9463895426,"Good",3,55.57
-73.1483210128,44.4891328059,"Poor",1,11.77
-72.6277383309,43.4826499081,"Poor",1,38.53
-72.500903144,43.7974871172,"Fair",2,50.55
-73.0153797587,44.4218728959,"Good",3,67.52
-72.9235217239,43.7152425088,"Fair",2,54.25
-72.3397363524,43.6597703145,"Good",3,59.57
-71.5441469951,44.9802415317,"Good",3,56.58
-72.7269363919,44.3182327735,"Good",3,56.2
-72.6997398249,44.9377404862,"Good",3,72.93
-72.2503934803,44.0746997412,"Good",3,59.03
-72.0332478184,44.6293066688,"Good",3,58.55
-72.6098753911,42.9300210653,"Good",3,70.1
-72.8349667885,43.0952044011,"Good",3,58.18
-72.6353933788,43.7641397221,"Good",3,71.62
-118.500286756,48.6693719547,"Good",3,53.63
-121.98999909,46.8962979992,"Good",3,68.73
-121.793886536,46.2088674314,"Good",3,56.88
-120.30670652,47.9344759993,"Good",3,69.95
-120.661074464,47.4628838894,"Good",3,57.53
-121.587295438,46.1317124159,"Poor",1,23.18
-122.721290467,47.0514910696,"Poor",1,14.52
-119.693319521,48.9560789011,"Good",3,66.4
-120.417531429,45.698609989,"Poor",1,2.38
-122.053437941,48.5237348508,"Poor",1,12.43
-120.784250902,46.5270581704,"Good",3,85.53
-118.192478293,46.2761706929,"Good",3,65.98
-122.041435164,46.5377567006,"Fair",2,38.63
-121.427564513,47.7289161895,"Good",3,58.45
-123.386273844,46.8375725033,"Poor",1,17.05
-119.292442336,47.5038301005,"Poor",1,37.35
-121.694596007,47.8435817791,"Poor",1,32.08
-123.392955269,46.22895461,"Poor",1,1.17
-121.720022777,48.6813564962,"Good",3,55.83
-119.570474596,46.2711703019,"Poor",1,41.57
-121.966262172,47.6921176087,"Poor",1,22.95
-120.116715624,48.2525067265,"Good",3,74.88
-117.414108593,46.6559852865,"Poor",1,0
-122.993358507,46.2782151691,"Poor",1,34.48
-117.217191296,47.6798164194,"Poor",1,19.55
-122.809680283,45.9140258994,"Poor",1,0
-121.091125259,46.7993142421,"Good",3,67.35
-120.296423514,48.3849994579,"Good",3,78.25
-123.823603455,47.0672747535,"Poor",1,33.92
-121.076465941,47.4237419691,"Good",3,50.55
-123.827024355,46.5320133306,"Fair",2,49.47
-118.380255575,46.0652537694,"Poor",1,19.62
-123.644482819,47.582857212,"Poor",1,32.68
-117.105025822,47.947466278,"Good",3,64.13
-123.776869297,47.1355023056,"Good",3,61.75
-90.6523853221,44.5514430467,"Poor",1,0.33
-90.9224735887,46.6705090863,"Good",3,47.5
-91.2755136914,45.1172790518,"Poor",1,20.53
-90.0058077033,45.0164638203,"Good",3,39.55
-89.9050603068,43.5621174557,"Fair",2,25.65
-90.7089263665,45.5253435749,"Fair",2,34.08
-88.2783303916,42.9884937859,"Fair",2,30.3
-89.8939418638,42.835851877,"Poor",1,22.12
-88.4474979399,45.5344538856,"Good",3,55.08
-88.6365773357,44.1795931894,"Poor",1,10.38
-88.4449965075,43.4605854207,"Fair",2,29.77
-91.1064293378,44.653126962,"Poor",1,17.22
-91.2325176374,45.6643154028,"Good",3,65.1
-91.94540006,46.6757134979,"Fair",2,26.88
-89.2282686242,45.263481684,"Good",3,41.22
-89.9884113801,44.5303400439,"Fair",2,25.47
-90.7258404516,44.200374176,"Good",3,40.62
-90.9723208337,43.9437752881,"Fair",2,27.63
-89.3085158361,45.7335236947,"Fair",2,36.33
-92.6912868843,44.6867368519,"Poor",1,15.52
-90.0538145443,44.0066981814,"Good",3,44.3
-91.0218122642,43.1432291177,"Good",3,38.47
-90.2163233355,44.2189977629,"Poor",1,12.75
-90.6411818014,42.5313655686,"Good",3,38.22
-89.8245085221,43.2179331316,"Fair",2,23.15
-91.1514003763,44.748170467,"Good",3,45.43
-91.2719286058,43.8274481445,"Good",3,39.72
-88.623943008,45.079596345,"Fair",2,30.3
-90.6297947112,43.5329664283,"Good",3,37.48
-90.7411613681,46.4164229229,"Fair",2,22.97
-91.179723966,45.6659786644,"Good",3,57.97
-90.0328633415,42.6501802867,"Good",3,44.2
-90.7617083737,44.2521811887,"Good",3,51.78
-88.8954222321,42.8968669198,"Poor",1,24.5
-91.9107473214,44.3611278477,"Fair",2,33.88
-89.6542803104,43.564691132,"Poor",1,8.68
-91.5569487692,44.9477637875,"Poor",1,10.48
-87.8571993969,44.8834586456,"Fair",2,28.95
-91.2587533564,43.6672698566,"Good",3,38.98
-89.7291724176,45.3628860465,"Good",3,48.73
-91.9196360988,44.7475637322,"Fair",2,30.65
-90.807008418,42.6591134727,"Good",3,41.15
-90.6885416823,46.6064126982,"Good",3,39.97
-89.1683125627,43.8234414602,"Fair",2,26.92
-87.9824933227,45.4962569537,"Good",3,77.35
-90.4936623589,44.9102852012,"Good",3,52.48
-90.991345618,42.9761120918,"Fair",2,30.28
-89.249096333,43.4553493548,"Poor",1,0
-92.4950166078,45.2691919342,"Fair",2,27.9
-91.241949392,43.9670049261,"Fair",2,35.5
-90.8479178298,44.8774032701,"Poor",1,19.92
-92.0705778049,45.6802117807,"Good",3,53.75
-91.265335838,46.7886303796,"Good",3,56.13
-89.6478520423,45.225493212,"Good",3,54.55
-89.1275056802,45.0197262785,"Good",3,47.58
-91.5527614016,45.6245863665,"Poor",1,22.32
-80.8620385411,37.9975250157,"Poor",1,15.65
-80.9407227665,38.7521865606,"Fair",2,42.7
-78.6645971003,39.2443180348,"Good",3,61.45
-80.1822413925,39.5573766827,"Good",3,45.18
-82.0336111571,37.5413611926,"Fair",2,34
-81.3443372841,39.1314280407,"Poor",1,18.25
-80.8945234412,38.5880857266,"Fair",2,39.98
-82.2241461137,38.3571115304,"Poor",1,23.05
-80.485934976,38.5357635077,"Good",3,57.97
-81.5852680142,38.3299179883,"Poor",1,14.22
-82.1004110607,38.8170949415,"Poor",1,0
-78.4383665692,39.3989782992,"Good",3,83.77
-80.04873003,38.209660105,"Good",3,61.97
-82.4488340357,38.2701289511,"Poor",1,30.42
-78.3635268415,39.4720044514,"Fair",2,38.87
-81.152842339,39.2105799232,"Poor",1,28.17
-80.8802240655,39.4783037935,"Poor",1,30.48
-80.8918858131,38.8039368128,"Fair",2,34.43
-82.2787768694,38.4693602152,"Poor",1,30.03
-79.9874665129,39.6484253485,"Poor",1,0
-81.28849729,37.577871178,"Good",3,63.57
-81.7807481372,38.4540598491,"Poor",1,1.68
-78.8117521372,39.2768083637,"Good",3,55.6
-80.5944262015,37.7300993781,"Good",3,45.6
-82.1568337429,37.6003421406,"Poor",1,29.75
-78.2942168088,39.6125538371,"Good",3,50.33
-82.1248573833,38.2768636262,"Fair",2,32.43
-110.746602172,41.6526770852,"Poor",1,19.5
-105.159838173,44.1022989431,"Poor",1,33.87
-106.938932045,44.3032195504,"Poor",1,8.33
-109.180596062,42.8731439958,"Good",3,54.47
-106.339994931,43.6825046607,"Poor",1,31.38
-106.313482585,41.652786172,"Good",3,70.83
-108.850017772,43.5397355488,"Poor",1,20.83
-110.909852426,43.8589170878,"Fair",2,40.23
-104.628047102,42.1097981417,"Poor",1,19.98
-108.35461384,44.9912735947,"Fair",2,56.03
-106.102732139,44.7330735247,"Fair",2,47.82
-108.827409791,41.0154406746,"Fair",2,43.47
-106.185853819,42.8520181403,"Fair",2,47.87
-109.148761199,41.5962520726,"Poor",1,19.05
-109.383026912,44.4789670991,"Good",3,64.85
-106.285976148,43.4140229433,"Poor",1,3.88
-107.044757892,44.8182593345,"Good",3,68.1
-105.301711131,44.6254198935,"Poor",1,24.52
-110.535051695,42.0506416944,"Poor",1,27.93
-107.900914262,44.2644504756,"Good",3,75.18
-104.295688526,43.3495651207,"Poor",1,25.73
-107.227604292,41.3821501361,"Poor",1,10.97
-104.834503006,43.2950361856,"Fair",2,45.05
-106.338258012,44.6958410169,"Good",3,81.63
-106.171427702,43.9656081697,"Fair",2,45.17
-106.366789305,42.8288369869,"Good",3,67.78
-110.000730254,41.9662138213,"Fair",2,46.78
-106.91201577,44.1583904136,"Poor",1,28.72
-104.677314055,44.3868501927,"Poor",1,4.9
-104.985188413,42.1149392761,"Good",3,60.73
-110.689021287,42.8129911209,"Fair",2,40.32
-108.433377823,44.5077105854,"Poor",1,36.52
-104.101011064,43.530700429,"Fair",2,47.18
-106.937844403,41.6383835623,"Poor",1,25.37
-106.148000548,44.8019071825,"Good",3,67.07
-105.675610168,41.0326978641,"Good",3,69.13
-110.03317785,42.8758091926,"Good",3,64.28
-105.436703574,43.9440202199,"Poor",1,36.68
-106.071487281,42.1329129105,"Fair",2,49.28
-109.116393778,42.5468946038,"Good",3,77.63
-104.841371589,43.5166270309,"Poor",1,29.58
-106.660634239,43.4924758606,"Fair",2,44
-104.192854141,43.602963008,"Poor",1,35.17
-109.933649751,42.5624627527,"Fair",2,56.37
-104.955461256,44.749782745,"Poor",1,39.25
-105.389014824,42.6889814862,"Good",3,68.78
-105.97359629,42.7684608383,"Good",3,89.02
-106.6561183,44.0317661727,"Fair",2,47.35
-109.907872772,43.6547366162,"Fair",2,38.5
-109.663512348,44.529104881,"Fair",2,44.43
-107.374466888,44.5073147031,"Poor",1,17.83
-104.930749938,44.5909228982,"Poor",1,31.72
-110.461718784,42.1843253451,"Poor",1,10.92
